period,type,crude_disp_mb_d,crude_disp_mb_month,pe_saved_twh,pe_added_twh,pe_net_twh
2016-11,historical,0.0006,0.018,0.01,0.01,0.01
2016-12,historical,0.0011,0.035,0.03,0.02,0.01
2017-01,historical,0.0021,0.066,0.05,0.03,0.02
2017-02,historical,0.0035,0.097,0.07,0.05,0.03
2017-03,historical,0.0041,0.128,0.1,0.06,0.04
2017-04,historical,0.0053,0.159,0.12,0.07,0.05
2017-05,historical,0.0061,0.19,0.14,0.09,0.05
2017-06,historical,0.0074,0.221,0.17,0.1,0.06
2017-07,historical,0.0081,0.252,0.19,0.12,0.07
2017-08,historical,0.0091,0.283,0.21,0.13,0.08
2017-09,historical,0.0105,0.314,0.24,0.15,0.09
2017-10,historical,0.0111,0.345,0.26,0.16,0.1
2017-11,historical,0.0125,0.376,0.28,0.18,0.11
2017-12,historical,0.0131,0.407,0.31,0.19,0.12
2018-01,historical,0.0149,0.463,0.35,0.22,0.13
2018-02,historical,0.0185,0.519,0.39,0.24,0.15
2018-03,historical,0.0186,0.575,0.44,0.27,0.17
2018-04,historical,0.0211,0.632,0.48,0.3,0.18
2018-05,historical,0.0222,0.688,0.52,0.32,0.2
2018-06,historical,0.0248,0.744,0.56,0.35,0.21
2018-07,historical,0.0258,0.8,0.6,0.37,0.23
2018-08,historical,0.0276,0.856,0.65,0.4,0.25
2018-09,historical,0.0304,0.912,0.69,0.43,0.26
2018-10,historical,0.0312,0.968,0.73,0.45,0.28
2018-11,historical,0.0341,1.024,0.77,0.48,0.3
2018-12,historical,0.0348,1.08,0.82,0.51,0.31
2019-01,historical,0.0366,1.136,0.86,0.53,0.33
2019-02,historical,0.0425,1.191,0.9,0.56,0.34
2019-03,historical,0.0402,1.247,0.94,0.58,0.36
2019-04,historical,0.0434,1.303,0.99,0.61,0.38
2019-05,historical,0.0438,1.359,1.03,0.64,0.39
2019-06,historical,0.0471,1.414,1.07,0.66,0.41
2019-07,historical,0.0474,1.47,1.11,0.69,0.42
2019-08,historical,0.0492,1.525,1.15,0.71,0.44
2019-09,historical,0.0527,1.581,1.2,0.74,0.46
2019-10,historical,0.0528,1.636,1.24,0.77,0.47
2019-11,historical,0.0564,1.692,1.28,0.79,0.49
2019-12,historical,0.0564,1.747,1.32,0.82,0.5
2020-01,historical,0.058,1.797,1.36,0.84,0.52
2020-02,historical,0.0623,1.807,1.37,0.85,0.52
2020-03,historical,0.0599,1.856,1.4,0.87,0.54
2020-04,historical,0.0635,1.905,1.44,0.89,0.55
2020-05,historical,0.063,1.954,1.48,0.91,0.56
2020-06,historical,0.0668,2.003,1.51,0.94,0.58
2020-07,historical,0.0662,2.052,1.55,0.96,0.59
2020-08,historical,0.0678,2.101,1.59,0.98,0.61
2020-09,historical,0.0717,2.15,1.63,1.01,0.62
2020-10,historical,0.0721,2.235,1.69,1.05,0.64
2020-11,historical,0.0781,2.344,1.77,1.1,0.68
2020-12,historical,0.0799,2.476,1.87,1.16,0.71
2021-01,historical,0.0831,2.577,1.95,1.17,0.78
2021-02,historical,0.0942,2.639,2.0,1.2,0.8
2021-03,historical,0.089,2.758,2.09,1.25,0.83
2021-04,historical,0.0954,2.861,2.16,1.3,0.86
2021-05,historical,0.0961,2.979,2.25,1.35,0.9
2021-06,historical,0.104,3.12,2.36,1.42,0.94
2021-07,historical,0.1051,3.26,2.46,1.48,0.98
2021-08,historical,0.1102,3.416,2.58,1.55,1.03
2021-09,historical,0.121,3.63,2.74,1.65,1.1
2021-10,historical,0.1237,3.833,2.9,1.74,1.16
2021-11,historical,0.1358,4.073,3.08,1.85,1.23
2021-12,historical,0.1412,4.378,3.31,1.99,1.32
2022-01,historical,0.1482,4.594,3.47,2.03,1.45
2022-02,historical,0.17,4.76,3.6,2.1,1.5
2022-03,historical,0.1627,5.043,3.81,2.22,1.59
2022-04,historical,0.1739,5.216,3.94,2.3,1.64
2022-05,historical,0.1753,5.435,4.11,2.4,1.71
2022-06,historical,0.1924,5.771,4.36,2.55,1.82
2022-07,historical,0.1958,6.068,4.59,2.68,1.91
2022-08,historical,0.2062,6.393,4.83,2.82,2.01
2022-09,historical,0.2256,6.768,5.12,2.99,2.13
2022-10,historical,0.2291,7.102,5.37,3.13,2.24
2022-11,historical,0.2488,7.464,5.64,3.29,2.35
2022-12,historical,0.2532,7.848,5.93,3.46,2.47
2023-01,historical,0.2592,8.037,6.08,3.44,2.64
2023-02,historical,0.2961,8.292,6.27,3.55,2.72
2023-03,historical,0.2779,8.615,6.51,3.68,2.83
2023-04,historical,0.2976,8.928,6.75,3.82,2.93
2023-05,historical,0.2989,9.265,7.01,3.96,3.04
2023-06,historical,0.3218,9.654,7.3,4.13,3.17
2023-07,historical,0.3234,10.025,7.58,4.29,3.29
2023-08,historical,0.337,10.446,7.9,4.47,3.43
2023-09,historical,0.3627,10.881,8.23,4.65,3.57
2023-10,historical,0.3652,11.321,8.56,4.84,3.72
2023-11,historical,0.3936,11.807,8.93,5.05,3.88
2023-12,historical,0.3983,12.346,9.34,5.28,4.06
2024-01,historical,0.4103,12.719,9.62,5.27,4.35
2024-02,historical,0.4459,12.932,9.78,5.36,4.42
2024-03,historical,0.4301,13.335,10.08,5.53,4.56
2024-04,historical,0.4572,13.716,10.37,5.68,4.69
2024-05,historical,0.4573,14.175,10.72,5.87,4.85
2024-06,historical,0.4884,14.653,11.08,6.07,5.01
2024-07,historical,0.4882,15.133,11.44,6.27,5.17
2024-08,historical,0.5065,15.703,11.87,6.51,5.37
2024-09,historical,0.5443,16.329,12.35,6.77,5.58
2024-10,historical,0.5482,16.993,12.85,7.04,5.81
2024-11,historical,0.5904,17.712,13.39,7.34,6.05
2024-12,historical,0.595,18.446,13.95,7.64,6.31
2025-01,historical,0.6079,18.846,14.25,7.56,6.69
2025-02,historical,0.6868,19.23,14.54,7.71,6.83
2025-03,historical,0.6388,19.802,14.97,7.94,7.03
2025-04,historical,0.6773,20.318,15.36,8.15,7.22
2025-05,historical,0.674,20.894,15.8,8.38,7.42
2025-06,historical,0.7172,21.517,16.27,8.63,7.64
2025-07,historical,0.712,22.073,16.69,8.85,7.84
2025-08,historical,0.7322,22.697,17.16,9.1,8.06
2025-09,historical,0.7813,23.44,17.73,9.4,8.33
2025-10,historical,0.7798,24.173,18.28,9.69,8.59
2025-11,historical,0.8308,24.924,18.85,9.99,8.85
2025-12,historical,0.828,25.668,19.41,10.29,9.12
2026-01,historical,0.8382,25.985,19.65,10.07,9.58
2026-02,historical,0.9367,26.228,19.83,10.17,9.67
2026-03,historical,0.8616,26.711,20.2,10.35,9.84
2026-04,historical,0.9066,27.198,20.57,10.54,10.02
2026-05,historical,0.8949,27.741,20.98,10.75,10.22
2026-06,historical,0.944,28.32,21.41,10.98,10.44
2026-07,historical,0.9311,28.864,21.83,11.19,10.64
2026-08,historical,0.9498,29.444,22.27,11.41,10.85
2026-09,projected,1.0023,30.07,22.74,11.66,11.08
2026-10,projected,0.9904,30.702,23.22,11.9,11.32
2026-11,projected,1.0447,31.34,23.7,12.15,11.55
2026-12,projected,1.0317,31.983,24.19,12.4,11.79
2027-01,projected,1.0527,32.633,24.68,12.21,12.46
2027-02,projected,1.1889,33.289,25.17,12.46,12.71
2027-03,projected,1.0952,33.95,25.67,12.71,12.97
2027-04,projected,1.1539,34.617,26.18,12.96,13.22
2027-05,projected,1.1384,35.29,26.69,13.21,13.48
2027-06,projected,1.1989,35.968,27.2,13.46,13.74
2027-07,projected,1.1823,36.653,27.72,13.72,14.0
2027-08,projected,1.2046,37.342,28.24,13.97,14.26
2027-09,projected,1.2679,38.037,28.76,14.24,14.53
2027-10,projected,1.2496,38.738,29.29,14.5,14.8
2027-11,projected,1.3148,39.443,29.83,14.76,15.06
2027-12,projected,1.2953,40.154,30.36,15.03,15.34
2028-01,projected,1.3184,40.87,30.91,14.75,16.16
2028-02,projected,1.4342,41.591,31.45,15.01,16.44
2028-03,projected,1.3651,42.317,32.0,15.27,16.73
2028-04,projected,1.4349,43.048,32.55,15.53,17.02
2028-05,projected,1.4124,43.784,33.11,15.8,17.31
2028-06,projected,1.4841,44.524,33.67,16.07,17.6
2028-07,projected,1.4603,45.269,34.23,16.34,17.89
2028-08,projected,1.4844,46.018,34.8,16.61,18.19
2028-09,projected,1.559,46.771,35.37,16.88,18.49
2028-10,projected,1.5332,47.529,35.94,17.15,18.79
2028-11,projected,1.6097,48.291,36.52,17.43,19.09
2028-12,projected,1.5825,49.057,37.1,17.7,19.39
2029-01,projected,1.6073,49.826,37.68,17.32,20.36
2029-02,projected,1.8071,50.6,38.26,17.58,20.68
2029-03,projected,1.6573,51.377,38.85,17.85,21.0
2029-04,projected,1.7386,52.158,39.44,18.13,21.32
2029-05,projected,1.7078,52.942,40.03,18.4,21.64
2029-06,projected,1.791,53.729,40.63,18.67,21.96
2029-07,projected,1.7587,54.52,41.23,18.95,22.28
2029-08,projected,1.7843,55.314,41.83,19.22,22.61
2029-09,projected,1.8703,56.11,42.43,19.5,22.93
2029-10,projected,1.8358,56.91,43.03,19.78,23.26
2029-11,projected,1.9237,57.712,43.64,20.06,23.59
2029-12,projected,1.8876,58.516,44.25,20.33,23.91
2030-01,projected,1.9137,59.323,44.86,19.82,25.04
2030-02,projected,2.1476,60.133,45.47,20.09,25.38
2030-03,projected,1.9659,60.944,46.08,20.36,25.72
2030-04,projected,2.0586,61.758,46.7,20.64,26.06
2030-05,projected,2.0185,62.573,47.32,20.91,26.41
2030-06,projected,2.113,63.39,47.93,21.18,26.75
2030-07,projected,2.0713,64.209,48.55,21.45,27.1
2030-08,projected,2.0977,65.029,49.17,21.73,27.44
2030-09,projected,2.195,65.851,49.8,22.0,27.79
2030-10,projected,2.1508,66.674,50.42,22.28,28.14
2030-11,projected,2.2499,67.498,51.04,22.55,28.49
2030-12,projected,2.204,68.323,51.66,22.83,28.83
