period,partner,value_usd_bn,qty_mt,value_per_mt_usd,source
202001,Australia,1.5854,14.505,109.3,comtrade
202001,Indonesia,0.5011,8.3403,60.08,comtrade
202001,Russian Federation,0.2345,2.9239,80.2,comtrade
202001,Mongolia,0.1867,2.4262,76.94,comtrade
202001,Canada,0.0915,0.6698,136.61,comtrade
202001,Kazakhstan,0.0093,0.0891,104.71,comtrade
202001,United Arab Emirates,0.0033,0.0168,194.7,comtrade
202001,Brazil,0.0,0.0,15300.0,comtrade
202001,Kenya,0.0,0.0,3000.0,comtrade
202001,Laos,0.0,0.0006,42.68,comtrade
202001,United Kingdom,0.0,0.0,784.85,comtrade
202001,USA,0.0,0.0,769.43,comtrade
202002,Australia,0.7936,7.2554,109.38,comtrade
202002,Indonesia,0.3044,5.021,60.62,comtrade
202002,Russian Federation,0.1676,2.1838,76.76,comtrade
202002,Canada,0.0645,0.4395,146.68,comtrade
202002,Mongolia,0.0535,0.7757,68.94,comtrade
202002,USA,0.0104,0.1042,100.0,comtrade
202002,Colombia,0.0068,0.0535,128.04,comtrade
202002,New Zealand,0.0051,0.0655,77.7,comtrade
202002,Kazakhstan,0.0019,0.0145,130.24,comtrade
202002,Myanmar,0.0001,0.0056,17.2,comtrade
202002,Netherlands,0.0001,0.0002,475.59,comtrade
202002,Germany,0.0,0.0,734.84,comtrade
202003,Australia,1.0206,10.005,102.01,comtrade
202003,Indonesia,0.2796,4.6573,60.03,comtrade
202003,Russian Federation,0.18,2.4351,73.9,comtrade
202003,Canada,0.0904,0.655,138.08,comtrade
202003,USA,0.0193,0.1268,152.38,comtrade
202003,Mongolia,0.0122,0.296,41.19,comtrade
202003,Mozambique,0.0096,0.077,124.1,comtrade
202003,Kazakhstan,0.0049,0.0369,133.92,comtrade
202003,Laos,0.0001,0.0012,43.56,comtrade
202003,Myanmar,0.0,0.0013,17.2,comtrade
202003,Germany,0.0,0.0,4091.95,comtrade
202003,Nigeria,0.0,0.0,11566.67,comtrade
202004,Australia,1.1102,10.847,102.35,comtrade
202004,Indonesia,0.3341,5.504,60.7,comtrade
202004,Russian Federation,0.252,3.3529,75.17,comtrade
202004,Mongolia,0.0673,0.9363,71.92,comtrade
202004,Canada,0.0344,0.2403,143.26,comtrade
202004,Colombia,0.0216,0.3313,65.19,comtrade
202004,USA,0.0134,0.0917,146.58,comtrade
202004,Kazakhstan,0.0065,0.048,135.24,comtrade
202004,New Zealand,0.0036,0.022,165.03,comtrade
202004,Malaysia,0.0004,0.0098,38.01,comtrade
202004,Laos,0.0001,0.0024,42.82,comtrade
202004,Ethiopia,0.0,0.0,30300.0,comtrade
202004,Germany,0.0,0.0,5523.81,comtrade
202004,Kyrgyzstan,0.0,0.0017,26.03,comtrade
202004,United Kingdom,0.0,0.0,1842.0,comtrade
202005,Australia,0.5247,5.2948,99.1,comtrade
202005,Indonesia,0.2286,3.98,57.45,comtrade
202005,Russian Federation,0.1634,2.1734,75.17,comtrade
202005,Mongolia,0.139,1.8408,75.5,comtrade
202005,Canada,0.0696,0.5201,133.9,comtrade
202005,Colombia,0.0222,0.3288,67.44,comtrade
202005,Kazakhstan,0.0038,0.0283,134.29,comtrade
202005,USA,0.0,0.0,783.29,comtrade
202006,Australia,0.7321,7.7546,94.41,comtrade
202006,Indonesia,0.2161,4.3094,50.15,comtrade
202006,Russian Federation,0.1845,2.5493,72.35,comtrade
202006,Mongolia,0.1677,2.3707,70.72,comtrade
202006,Canada,0.0712,0.5488,129.78,comtrade
202006,USA,0.0383,0.3375,113.57,comtrade
202006,Colombia,0.0118,0.1643,72.05,comtrade
202006,Kazakhstan,0.002,0.0147,133.66,comtrade
202006,Laos,0.0002,0.0036,44.4,comtrade
202006,Myanmar,0.0,0.0002,20.69,comtrade
202006,Germany,0.0,0.0,4167.03,comtrade
202006,Kyrgyzstan,0.0,0.0001,22.01,comtrade
202007,Australia,0.8619,8.3831,102.82,comtrade
202007,Indonesia,0.2416,4.7447,50.92,comtrade
202007,Mongolia,0.1729,2.5332,68.27,comtrade
202007,Russian Federation,0.1637,2.4543,66.71,comtrade
202007,Canada,0.0195,0.2185,89.12,comtrade
202007,Colombia,0.011,0.1685,65.4,comtrade
202007,Kazakhstan,0.0009,0.0075,124.48,comtrade
202007,Myanmar,0.0,0.0007,22.48,comtrade
202007,Germany,0.0,0.0,8800.0,comtrade
202007,Kyrgyzstan,0.0,0.0006,20.41,comtrade
202008,Australia,0.5657,5.9879,94.48,comtrade
202008,Mongolia,0.2566,3.5668,71.95,comtrade
202008,Indonesia,0.1737,3.4591,50.23,comtrade
202008,Russian Federation,0.1446,2.0709,69.83,comtrade
202008,Canada,0.0557,0.5475,101.68,comtrade
202008,Colombia,0.0114,0.1694,67.57,comtrade
202008,USA,0.007,0.0735,95.59,comtrade
202008,Kazakhstan,0.0007,0.0058,125.63,comtrade
202008,Germany,0.0,0.0,4006.69,comtrade
202009,Australia,0.3822,4.4702,85.49,comtrade
202009,Mongolia,0.3376,5.1594,65.43,comtrade
202009,Indonesia,0.1614,3.168,50.96,comtrade
202009,Russian Federation,0.1435,2.2047,65.08,comtrade
202009,Canada,0.0349,0.3099,112.56,comtrade
202009,Kazakhstan,0.0013,0.0099,126.71,comtrade
202009,Kyrgyzstan,0.0002,0.0067,22.49,comtrade
202009,Myanmar,0.0,0.0001,26.24,comtrade
202009,Japan,0.0,0.0,2379.15,comtrade
202009,Viet Nam,0.0,0.0,3391.62,comtrade
202010,Mongolia,0.2728,3.857,70.72,comtrade
202010,Australia,0.2237,2.3524,95.1,comtrade
202010,Russian Federation,0.1909,2.8117,67.88,comtrade
202010,Indonesia,0.0797,1.5748,50.61,comtrade
202010,Canada,0.0478,0.405,117.93,comtrade
202010,Myanmar,0.0,0.0001,26.23,comtrade
202010,Germany,0.0,0.0,4301.62,comtrade
202010,"China, Hong Kong SAR",0.0,0.0,23120.0,comtrade
202010,Laos,0.0,0.0002,51.02,comtrade
202010,USA,0.0,0.0,1182.98,comtrade
202011,Mongolia,0.2077,2.9275,70.93,comtrade
202011,Russian Federation,0.1795,2.7222,65.93,comtrade
202011,Indonesia,0.0792,1.5119,52.35,comtrade
202011,Australia,0.0499,0.5616,88.78,comtrade
202011,Canada,0.0342,0.3118,109.73,comtrade
202011,USA,0.01,0.075,132.93,comtrade
202011,Kyrgyzstan,0.0,0.0002,19.33,comtrade
202011,Zimbabwe,0.0,0.0,144.99,comtrade
202011,Spain,0.0,0.0,3280.0,comtrade
202012,Indonesia,0.5269,9.6244,54.74,comtrade
202012,Russian Federation,0.459,6.1054,75.17,comtrade
202012,Mongolia,0.1284,1.7606,72.93,comtrade
202012,Canada,0.07,0.6258,111.84,comtrade
202012,Colombia,0.0233,0.3296,70.83,comtrade
202012,USA,0.0143,0.1349,105.8,comtrade
202012,Australia,0.0058,0.0902,64.34,comtrade
202012,Iran,0.0037,0.0403,90.62,comtrade
202012,United Arab Emirates,0.0012,0.025,46.82,comtrade
202012,Kyrgyzstan,0.0004,0.0172,25.09,comtrade
202012,New Zealand,0.0,0.0,6763.64,comtrade
202101,Indonesia,0.3599,5.9242,60.75,comtrade
202101,Russian Federation,0.2324,3.2199,72.16,comtrade
202101,Mongolia,0.1974,2.445,80.75,comtrade
202101,Canada,0.0562,0.3742,150.33,comtrade
202101,USA,0.0428,0.279,153.51,comtrade
202101,Mozambique,0.0111,0.0785,141.29,comtrade
202101,Laos,0.0,0.0002,106.41,comtrade
202102,Indonesia,0.4516,6.1827,73.04,comtrade
202102,Russian Federation,0.1995,2.424,82.3,comtrade
202102,Mongolia,0.1744,1.9328,90.25,comtrade
202102,Canada,0.0624,0.4177,149.45,comtrade
202102,USA,0.0405,0.2961,136.9,comtrade
202102,South Africa,0.0309,0.4924,62.77,comtrade
202102,Colombia,0.0104,0.1642,63.53,comtrade
202102,Kazakhstan,0.0003,0.0022,135.05,comtrade
202102,Laos,0.0,0.0002,54.09,comtrade
202102,India,0.0,0.0,65.16,comtrade
202103,Indonesia,0.5518,6.9598,79.29,comtrade
202103,Russian Federation,0.4365,4.4247,98.66,comtrade
202103,Mongolia,0.2227,2.4664,90.31,comtrade
202103,Canada,0.2139,1.2392,172.58,comtrade
202103,USA,0.1102,0.6637,166.02,comtrade
202103,South Africa,0.0533,0.7304,73.03,comtrade
202103,Kazakhstan,0.0178,0.1923,92.42,comtrade
202103,Mozambique,0.0147,0.077,190.45,comtrade
202103,Colombia,0.0112,0.1684,66.23,comtrade
202103,Brazil,0.0,0.0,413.26,comtrade
202103,Philippines,0.0,0.0,4400.0,comtrade
202104,Russian Federation,0.4539,4.4449,102.12,comtrade
202104,Indonesia,0.4421,5.2542,84.14,comtrade
202104,USA,0.1666,0.9747,170.94,comtrade
202104,Canada,0.1374,0.6305,217.96,comtrade
202104,South Africa,0.0822,1.0524,78.09,comtrade
202104,Mongolia,0.0631,0.8258,76.4,comtrade
202104,Colombia,0.0409,0.5351,76.42,comtrade
202104,Mozambique,0.0354,0.1742,203.34,comtrade
202104,Peru,0.0043,0.0349,122.94,comtrade
202104,Kazakhstan,0.0023,0.0172,135.06,comtrade
202104,Laos,0.0,0.0,100.0,comtrade
202104,United Rep. of Tanzania,0.0,,,comtrade
202105,Russian Federation,0.512,4.9925,102.55,comtrade
202105,Indonesia,0.4274,5.1399,83.15,comtrade
202105,USA,0.1372,0.7188,190.83,comtrade
202105,Canada,0.1134,0.5381,210.81,comtrade
202105,Mongolia,0.0844,0.9382,90.01,comtrade
202105,Colombia,0.0649,0.8022,80.87,comtrade
202105,South Africa,0.0307,0.3659,83.97,comtrade
202105,Mozambique,0.0049,0.0332,146.91,comtrade
202105,Kazakhstan,0.0009,0.0061,139.78,comtrade
202105,Kyrgyzstan,0.0,0.0003,19.0,comtrade
202106,Indonesia,0.6787,7.296,93.03,comtrade
202106,Russian Federation,0.5406,4.9513,109.19,comtrade
202106,Canada,0.2216,1.1454,193.47,comtrade
202106,USA,0.1957,0.9381,208.61,comtrade
202106,Mongolia,0.0888,0.9625,92.3,comtrade
202106,South Africa,0.0729,0.7967,91.45,comtrade
202106,Colombia,0.0617,0.8374,73.65,comtrade
202106,Mozambique,0.0233,0.1152,202.51,comtrade
202106,Kazakhstan,0.0152,0.1651,91.9,comtrade
202106,Malaysia,0.0,0.0,9985.92,comtrade
202107,Indonesia,0.9062,8.9362,101.41,comtrade
202107,Russian Federation,0.6708,5.9081,113.54,comtrade
202107,Canada,0.2399,1.2528,191.49,comtrade
202107,USA,0.1169,0.6251,186.95,comtrade
202107,Mongolia,0.0544,0.6262,86.91,comtrade
202107,South Africa,0.0436,0.4668,93.33,comtrade
202107,Colombia,0.0355,0.2775,127.78,comtrade
202107,Mozambique,0.024,0.1059,227.11,comtrade
202107,New Zealand,0.0055,0.0451,121.88,comtrade
202107,Peru,0.0041,0.0333,123.79,comtrade
202107,Kazakhstan,0.0021,0.0146,141.49,comtrade
202108,Indonesia,0.8726,8.1025,107.7,comtrade
202108,Russian Federation,0.678,5.1217,132.39,comtrade
202108,USA,0.3103,1.2134,255.7,comtrade
202108,Canada,0.2042,0.8158,250.35,comtrade
202108,Mongolia,0.1445,1.2252,117.97,comtrade
202108,Colombia,0.0686,0.5836,117.6,comtrade
202108,South Africa,0.048,0.475,101.05,comtrade
202108,Mozambique,0.0256,0.1149,222.81,comtrade
202108,Kazakhstan,0.0,0.0001,88.0,comtrade
202108,Venezuela,0.0,,,comtrade
202109,Indonesia,1.165,10.0645,115.75,comtrade
202109,Russian Federation,0.7648,5.4878,139.36,comtrade
202109,USA,0.4054,1.463,277.12,comtrade
202109,Canada,0.2942,1.0045,292.86,comtrade
202109,Mongolia,0.1372,0.8075,169.94,comtrade
202109,South Africa,0.0818,0.7344,111.37,comtrade
202109,Colombia,0.0472,0.3996,118.08,comtrade
202109,Mozambique,0.0217,0.088,247.03,comtrade
202109,New Zealand,0.0085,0.0654,129.79,comtrade
202109,Kazakhstan,0.0006,0.0042,143.88,comtrade
202109,Viet Nam,0.0004,0.0033,126.1,comtrade
202109,"Other Asia, nes",0.0,0.0,23000.0,comtrade
202109,India,0.0,0.0,111.19,comtrade
202110,Indonesia,1.0227,7.7628,131.74,comtrade
202110,Russian Federation,0.7772,4.7313,164.26,comtrade
202110,Mongolia,0.3473,1.3056,265.97,comtrade
202110,USA,0.264,0.8358,315.82,comtrade
202110,Australia,0.1999,2.7882,71.71,comtrade
202110,Canada,0.1659,0.4517,367.3,comtrade
202110,Mozambique,0.0381,0.0797,477.84,comtrade
202110,Colombia,0.0267,0.1171,228.11,comtrade
202110,South Africa,0.0157,0.153,102.64,comtrade
202110,Kazakhstan,0.0001,0.001,88.0,comtrade
202110,Laos,0.0,0.0001,111.31,comtrade
202110,Zambia,0.0,0.0,15000.0,comtrade
202111,Indonesia,1.5516,8.8709,174.91,comtrade
202111,Russian Federation,1.0834,4.835,224.08,comtrade
202111,USA,0.5468,1.4451,378.41,comtrade
202111,Canada,0.4905,1.1026,444.85,comtrade
202111,Australia,0.4567,5.2477,87.02,comtrade
202111,Mongolia,0.3431,1.5458,221.97,comtrade
202111,South Africa,0.0703,0.4582,153.53,comtrade
202111,Mozambique,0.0262,0.0714,367.07,comtrade
202111,New Zealand,0.0144,0.0441,326.2,comtrade
202111,Peru,0.0062,0.0381,161.97,comtrade
202111,Iran,0.0029,0.0372,79.12,comtrade
202111,Brazil,0.0,,,comtrade
202111,"Other Asia, nes",0.0,0.0,29600.0,comtrade
202111,Nigeria,0.0,0.0,30000.0,comtrade
202111,Senegal,0.0,0.0,4450.0,comtrade
202111,India,0.0,0.0,164.46,comtrade
202111,Thailand,0.0,0.0,43500.0,comtrade
202112,Indonesia,1.3066,7.1648,182.37,comtrade
202112,Russian Federation,0.7425,4.0802,181.98,comtrade
202112,Canada,0.7013,1.4605,480.22,comtrade
202112,Australia,0.4151,3.6761,112.91,comtrade
202112,USA,0.4147,1.1321,366.29,comtrade
202112,South Africa,0.2218,1.1461,193.52,comtrade
202112,Mongolia,0.1449,0.948,152.83,comtrade
202112,Colombia,0.0977,0.317,308.11,comtrade
202112,Peru,0.0168,0.0671,250.16,comtrade
202112,Kazakhstan,0.0165,0.139,118.49,comtrade
202112,Mozambique,0.013,0.0321,405.97,comtrade
202112,United Arab Emirates,0.0124,0.0433,286.32,comtrade
202112,Cambodia,0.0,,,comtrade
202112,Iran,0.0,0.0,126.87,comtrade
202112,United Kingdom,0.0,0.0,2049.5,comtrade
202201,Indonesia,0.9024,5.6049,161.0,comtrade
202201,USA,0.6959,1.5128,459.97,comtrade
202201,Russian Federation,0.6741,3.6545,184.47,comtrade
202201,Canada,0.3852,0.9951,387.09,comtrade
202201,Australia,0.257,2.174,118.22,comtrade
202201,South Africa,0.2468,1.0742,229.75,comtrade
202201,Mongolia,0.1204,0.7449,161.69,comtrade
202201,Colombia,0.0523,0.1876,278.73,comtrade
202201,Mozambique,0.0154,0.0361,426.23,comtrade
202201,New Zealand,0.0124,0.0656,189.88,comtrade
202201,Peru,0.0077,0.0374,207.04,comtrade
202201,Kazakhstan,0.0006,0.0026,217.5,comtrade
202201,Iran,0.0003,0.0014,200.6,comtrade
202201,Laos,0.0001,0.0006,106.59,comtrade
202202,Russian Federation,0.4811,2.6216,183.5,comtrade
202202,Indonesia,0.3303,2.5264,130.73,comtrade
202202,USA,0.3029,0.7012,431.98,comtrade
202202,Canada,0.1514,0.3474,435.95,comtrade
202202,Mongolia,0.1036,0.5693,181.97,comtrade
202202,Australia,0.0344,0.1718,200.45,comtrade
202202,Colombia,0.0223,0.061,366.15,comtrade
202202,New Zealand,0.009,0.045,198.94,comtrade
202202,Iran,0.0049,0.0439,112.38,comtrade
202202,Kazakhstan,0.0007,0.003,217.5,comtrade
202202,Pakistan,0.0,0.0,5000.0,comtrade
202203,Russian Federation,0.6022,3.1097,193.66,comtrade
202203,Indonesia,0.457,3.1887,143.32,comtrade
202203,Mongolia,0.2307,1.022,225.69,comtrade
202203,Canada,0.2233,0.6516,342.71,comtrade
202203,USA,0.1354,0.3613,374.68,comtrade
202203,Australia,0.038,0.3427,110.79,comtrade
202203,Kazakhstan,0.0158,0.1411,111.72,comtrade
202203,South Africa,0.0,0.0,11300.0,comtrade
202203,United Kingdom,0.0,0.0,925.35,comtrade
202204,Indonesia,0.8903,5.2202,170.55,comtrade
202204,Russian Federation,0.81,3.8218,211.93,comtrade
202204,Canada,0.3528,0.9806,359.75,comtrade
202204,Mongolia,0.3007,1.3812,217.73,comtrade
202204,USA,0.0425,0.0786,541.17,comtrade
202204,Mozambique,0.0304,0.088,345.56,comtrade
202204,Peru,0.0195,0.1038,188.02,comtrade
202204,Iran,0.0003,0.0015,220.67,comtrade
202204,Kazakhstan,0.0,0.0,259.91,comtrade
202204,Kyrgyzstan,0.0,0.0001,160.12,comtrade
202205,Russian Federation,0.9876,4.7346,208.59,comtrade
202205,Indonesia,0.5776,3.0725,187.99,comtrade
202205,Mongolia,0.3805,1.8375,207.07,comtrade
202205,Canada,0.3475,0.7749,448.43,comtrade
202205,USA,0.0527,0.1255,420.07,comtrade
202205,Kyrgyzstan,0.0002,0.0055,36.0,comtrade
202205,Laos,0.0002,0.0017,106.04,comtrade
202205,Australia,0.0,0.0,52.74,comtrade
202205,New Zealand,0.0,0.0,9040.0,comtrade
202205,Peru,0.0,0.0,48750.0,comtrade
202205,Thailand,0.0,0.0,57000.0,comtrade
202206,Russian Federation,1.017,5.3343,190.65,comtrade
202206,Mongolia,0.4548,2.3324,195.0,comtrade
202206,Indonesia,0.3517,1.7862,196.87,comtrade
202206,Canada,0.3031,0.6851,442.45,comtrade
202206,USA,0.0323,0.0789,410.13,comtrade
202206,Peru,0.0081,0.0374,217.05,comtrade
202206,Laos,0.0047,0.0321,145.27,comtrade
202206,Kyrgyzstan,0.0004,0.0111,36.19,comtrade
202206,India,0.0,0.0,143.86,comtrade
202206,South Africa,0.0,0.0,20600.0,comtrade
202207,Russian Federation,1.338,6.9099,193.64,comtrade
202207,Mongolia,0.5109,2.8504,179.25,comtrade
202207,Canada,0.418,1.0264,407.3,comtrade
202207,Indonesia,0.3472,1.8879,183.93,comtrade
202207,USA,0.1341,0.3033,442.24,comtrade
202207,Iran,0.0056,0.0451,123.16,comtrade
202207,Kyrgyzstan,0.0007,0.02,36.0,comtrade
202207,Colombia,0.0,0.0,22111.11,comtrade
202207,Kazakhstan,0.0,0.0001,227.0,comtrade
202207,United Kingdom,0.0,0.0,2014.95,comtrade
202208,Russian Federation,1.3366,7.8464,170.34,comtrade
202208,Mongolia,0.4973,3.5899,138.52,comtrade
202208,Indonesia,0.4457,2.6713,166.87,comtrade
202208,Canada,0.3059,0.8184,373.84,comtrade
202208,USA,0.1914,0.4936,387.73,comtrade
202208,Australia,0.0109,0.087,125.68,comtrade
202208,Kyrgyzstan,0.0006,0.0165,36.12,comtrade
202208,Laos,0.0002,0.0016,103.8,comtrade
202208,Viet Nam,0.0001,0.002,70.43,comtrade
202208,Malaysia,0.0,0.0,13083.33,comtrade
202208,United Kingdom,0.0,0.0,1883.5,comtrade
202209,Russian Federation,0.985,6.2336,158.02,comtrade
202209,Indonesia,0.7666,5.6364,136.0,comtrade
202209,Mongolia,0.5883,4.233,138.97,comtrade
202209,Canada,0.1795,0.6033,297.51,comtrade
202209,USA,0.0746,0.257,290.16,comtrade
202209,Peru,0.0165,0.0348,475.26,comtrade
202209,Viet Nam,0.0131,0.0272,480.95,comtrade
202209,Australia,0.0099,0.0801,123.26,comtrade
202209,Iran,0.0042,0.043,97.52,comtrade
202209,Malaysia,0.0035,0.0411,86.14,comtrade
202209,Kyrgyzstan,0.0009,0.0239,36.38,comtrade
202209,Laos,0.0006,0.0058,102.3,comtrade
202210,Russian Federation,1.059,6.1042,173.49,comtrade
202210,Indonesia,0.8048,6.0971,132.0,comtrade
202210,Mongolia,0.5394,3.7927,142.21,comtrade
202210,Canada,0.2057,0.718,286.42,comtrade
202210,USA,0.0421,0.1391,302.84,comtrade
202210,Mozambique,0.0153,0.0628,243.69,comtrade
202210,Iran,0.0058,0.0445,129.58,comtrade
202210,Kyrgyzstan,0.0006,0.0148,39.91,comtrade
202210,Laos,0.0002,0.0023,99.23,comtrade
202211,Russian Federation,1.261,6.9524,181.37,comtrade
202211,Indonesia,0.9374,6.2198,150.71,comtrade
202211,Mongolia,0.5499,3.749,146.67,comtrade
202211,Canada,0.2136,0.7266,294.01,comtrade
202211,USA,0.0355,0.1257,282.16,comtrade
202211,New Zealand,0.0184,0.0634,290.07,comtrade
202211,Iran,0.0052,0.0402,129.58,comtrade
202211,Viet Nam,0.0043,0.0124,344.22,comtrade
202211,Malaysia,0.0031,0.0299,102.72,comtrade
202211,Laos,0.0012,0.0123,97.71,comtrade
202211,Kyrgyzstan,0.0003,0.0085,40.36,comtrade
202211,United Rep. of Tanzania,0.0,,,comtrade
202212,Russian Federation,1.2581,6.8892,182.61,comtrade
202212,Mongolia,0.7706,4.9377,156.07,comtrade
202212,Indonesia,0.7276,4.8633,149.62,comtrade
202212,Canada,0.0936,0.3364,278.26,comtrade
202212,USA,0.0634,0.3145,201.48,comtrade
202212,Colombia,0.0329,0.1313,250.83,comtrade
202212,Viet Nam,0.0242,0.064,377.6,comtrade
202212,Iran,0.011,0.0926,118.67,comtrade
202212,Laos,0.0008,0.0085,97.54,comtrade
202212,Kyrgyzstan,0.0004,0.0098,39.43,comtrade
202212,India,0.0,0.0,130.63,comtrade
202212,United Rep. of Tanzania,0.0,0.0,50000.0,comtrade
202301,Russian Federation,1.5366,7.9703,192.79,comtrade
202301,Indonesia,0.967,6.7349,143.58,comtrade
202301,Mongolia,0.5213,3.4798,149.8,comtrade
202301,Canada,0.1898,0.6804,279.03,comtrade
202301,South Africa,0.0629,0.3076,204.47,comtrade
202301,USA,0.0581,0.2002,290.37,comtrade
202301,Colombia,0.0172,0.0605,284.26,comtrade
202301,Laos,0.0007,0.0071,99.57,comtrade
202301,Kyrgyzstan,0.0003,0.0081,40.9,comtrade
202301,Iran,0.0,0.0,200.0,comtrade
202301,Peru,0.0,0.0,88000.0,comtrade
202301,United Kingdom,0.0,0.0,1795.75,comtrade
202302,Russian Federation,1.3045,6.724,194.01,comtrade
202302,Mongolia,0.6805,4.5327,150.13,comtrade
202302,Indonesia,0.5297,3.919,135.16,comtrade
202302,Canada,0.1468,0.4858,302.09,comtrade
202302,USA,0.0966,0.3091,312.56,comtrade
202302,Australia,0.0419,0.2072,202.05,comtrade
202302,South Africa,0.0293,0.1639,179.05,comtrade
202302,Iran,0.0107,0.1051,101.87,comtrade
202302,Laos,0.0008,0.0074,103.26,comtrade
202302,Kazakhstan,0.0,0.0001,70.9,comtrade
202302,Kyrgyzstan,0.0,0.0009,41.77,comtrade
202303,Russian Federation,1.5978,8.8301,180.94,comtrade
202303,Mongolia,0.8893,5.6904,156.28,comtrade
202303,Indonesia,0.6285,5.3582,117.3,comtrade
202303,Australia,0.3488,2.2152,157.44,comtrade
202303,Canada,0.2729,0.9,303.25,comtrade
202303,USA,0.1819,0.6881,264.35,comtrade
202303,South Africa,0.0217,0.1632,132.69,comtrade
202303,Mozambique,0.0206,0.0733,281.52,comtrade
202303,Colombia,0.0159,0.0606,262.28,comtrade
202303,Laos,0.0017,0.0169,101.27,comtrade
202303,Kyrgyzstan,0.0002,0.0038,41.44,comtrade
202303,Malaysia,0.0,0.0,4647.06,comtrade
202303,India,0.0,0.0,22666.67,comtrade
202304,Russian Federation,1.352,8.0949,167.01,comtrade
202304,Indonesia,0.7754,6.5563,118.27,comtrade
202304,Mongolia,0.744,5.2393,142.01,comtrade
202304,Australia,0.5294,3.8859,136.23,comtrade
202304,USA,0.219,0.728,300.82,comtrade
202304,Canada,0.189,0.6498,290.87,comtrade
202304,Colombia,0.0181,0.0714,253.21,comtrade
202304,Malaysia,0.0022,0.027,81.64,comtrade
202304,Laos,0.0019,0.0181,102.18,comtrade
202304,Kyrgyzstan,0.0003,0.0083,42.09,comtrade
202304,Iran,0.0,0.0,135.0,comtrade
202304,Kazakhstan,0.0,0.0005,61.81,comtrade
202304,India,0.0,0.0,98.52,comtrade
202305,Russian Federation,1.2648,8.8341,143.17,comtrade
202305,Australia,0.7406,5.4167,136.73,comtrade
202305,Indonesia,0.6305,5.4906,114.84,comtrade
202305,Mongolia,0.5466,4.331,126.2,comtrade
202305,Canada,0.1846,0.676,273.12,comtrade
202305,USA,0.1074,0.4727,227.2,comtrade
202305,Colombia,0.0406,0.2378,170.61,comtrade
202305,Kazakhstan,0.0178,0.1143,155.82,comtrade
202305,Iran,0.0062,0.065,95.32,comtrade
202305,Laos,0.0006,0.0062,101.2,comtrade
202305,Kyrgyzstan,0.0,0.0006,43.67,comtrade
202305,United Rep. of Tanzania,0.0,0.0,3571.43,comtrade
202305,Zambia,0.0,0.0,47.06,comtrade
202306,Russian Federation,1.3123,10.5786,124.06,comtrade
202306,Australia,0.6439,4.8264,133.42,comtrade
202306,Mongolia,0.5916,4.9278,120.05,comtrade
202306,Indonesia,0.5502,4.9747,110.59,comtrade
202306,Canada,0.2528,1.2449,203.03,comtrade
202306,USA,0.1236,0.5868,210.68,comtrade
202306,Colombia,0.0308,0.2305,133.46,comtrade
202306,South Africa,0.0278,0.1794,155.2,comtrade
202306,Kazakhstan,0.0143,0.1173,121.65,comtrade
202306,Laos,0.0002,0.0025,95.0,comtrade
202306,Kyrgyzstan,0.0,0.0004,62.21,comtrade
202306,India,0.0,0.0,30000.0,comtrade
202306,United Kingdom,0.0,0.0,2434.2,comtrade
202307,Russian Federation,0.9658,8.9921,107.41,comtrade
202307,Australia,0.7252,6.3119,114.9,comtrade
202307,Mongolia,0.5873,5.6745,103.49,comtrade
202307,Indonesia,0.4749,4.9128,96.66,comtrade
202307,Canada,0.111,0.5172,214.54,comtrade
202307,USA,0.0755,0.3595,209.92,comtrade
202307,South Africa,0.0701,0.5499,127.47,comtrade
202307,Colombia,0.0485,0.3964,122.4,comtrade
202307,Kazakhstan,0.0248,0.171,145.17,comtrade
202307,United Rep. of Tanzania,0.0052,0.0546,95.19,comtrade
202307,Laos,0.0005,0.0055,95.32,comtrade
202307,Kyrgyzstan,0.0,0.0008,57.46,comtrade
202307,United Kingdom,0.0,,,comtrade
202308,Russian Federation,1.0715,9.9641,107.53,comtrade
202308,Mongolia,0.7253,6.8443,105.97,comtrade
202308,Australia,0.6984,6.686,104.45,comtrade
202308,Indonesia,0.5434,5.892,92.23,comtrade
202308,Canada,0.0923,0.4206,219.44,comtrade
202308,Colombia,0.0804,0.6287,127.93,comtrade
202308,USA,0.0592,0.3841,154.09,comtrade
202308,Mozambique,0.0144,0.0809,178.06,comtrade
202308,Kazakhstan,0.0115,0.0864,133.25,comtrade
202308,South Africa,0.0103,0.0821,125.15,comtrade
202308,New Zealand,0.0067,0.0321,210.07,comtrade
202308,Laos,0.0003,0.0036,96.6,comtrade
202308,Kyrgyzstan,0.0001,0.0019,39.33,comtrade
202308,Myanmar,0.0,0.0,56.09,comtrade
202308,India,0.0,0.0,17500.0,comtrade
202309,Russian Federation,1.0116,9.1695,110.32,comtrade
202309,Mongolia,0.682,6.355,107.32,comtrade
202309,Indonesia,0.5279,5.6798,92.95,comtrade
202309,Australia,0.5127,4.901,104.62,comtrade
202309,Canada,0.2183,0.9698,225.14,comtrade
202309,USA,0.1316,0.8584,153.26,comtrade
202309,Colombia,0.0768,0.6544,117.31,comtrade
202309,Mozambique,0.0518,0.2971,174.45,comtrade
202309,South Africa,0.0256,0.23,111.21,comtrade
202309,Viet Nam,0.0127,0.0458,276.72,comtrade
202309,Ukraine,0.01,0.0482,207.0,comtrade
202309,Kazakhstan,0.0005,0.0039,123.87,comtrade
202309,Laos,0.0003,0.0028,97.48,comtrade
202309,Kyrgyzstan,0.0001,0.004,33.73,comtrade
202309,India,0.0,0.0,75.5,comtrade
202310,Russian Federation,0.9271,7.6281,121.54,comtrade
202310,Australia,0.5681,4.9907,113.82,comtrade
202310,Mongolia,0.533,4.7486,112.24,comtrade
202310,Indonesia,0.3623,3.8282,94.64,comtrade
202310,Canada,0.2459,1.0435,235.62,comtrade
202310,USA,0.1516,0.857,176.95,comtrade
202310,Ukraine,0.0181,0.0775,233.0,comtrade
202310,Mozambique,0.0158,0.08,198.04,comtrade
202310,Viet Nam,0.0155,0.0425,364.8,comtrade
202310,Colombia,0.0105,0.055,190.05,comtrade
202310,Malaysia,0.0076,0.1083,70.04,comtrade
202310,Kazakhstan,0.0021,0.0224,95.72,comtrade
202310,Laos,0.0005,0.0054,92.48,comtrade
202310,Kyrgyzstan,0.0004,0.0074,50.3,comtrade
202310,Belgium,0.0,0.0,22448.6,comtrade
202310,Rep. of Korea,0.0,0.0,21285.71,comtrade
202310,United Rep. of Tanzania,0.0,0.0,7269.23,comtrade
202311,Russian Federation,0.9609,7.3064,131.51,comtrade
202311,Mongolia,0.9144,7.5966,120.36,comtrade
202311,Australia,0.7364,6.309,116.72,comtrade
202311,Indonesia,0.5344,5.3904,99.15,comtrade
202311,USA,0.1913,0.9972,191.8,comtrade
202311,Canada,0.1367,0.4902,278.85,comtrade
202311,Colombia,0.0877,0.7698,113.94,comtrade
202311,Mozambique,0.028,0.13,214.99,comtrade
202311,New Zealand,0.028,0.1249,224.02,comtrade
202311,Malaysia,0.0084,0.1062,79.54,comtrade
202311,Viet Nam,0.0078,0.033,236.19,comtrade
202311,Kazakhstan,0.0073,0.0579,125.2,comtrade
202311,Oman,0.0031,0.0325,95.0,comtrade
202311,Kyrgyzstan,0.0005,0.0108,48.58,comtrade
202311,Laos,0.0004,0.0039,94.99,comtrade
202311,Myanmar,0.0,0.0001,55.71,comtrade
202311,Rep. of Korea,0.0,0.0,81000.0,comtrade
202312,Russian Federation,1.0425,7.5918,137.32,comtrade
202312,Mongolia,1.0199,7.7675,131.31,comtrade
202312,Australia,0.8155,6.7143,121.45,comtrade
202312,Indonesia,0.7653,6.902,110.87,comtrade
202312,Canada,0.2172,0.7788,278.86,comtrade
202312,Colombia,0.1291,1.2138,106.32,comtrade
202312,USA,0.0884,0.3846,229.77,comtrade
202312,Mozambique,0.0236,0.13,181.52,comtrade
202312,Viet Nam,0.0194,0.0682,284.5,comtrade
202312,Kazakhstan,0.0019,0.0169,109.84,comtrade
202312,Kyrgyzstan,0.0006,0.0138,46.33,comtrade
202312,Laos,0.0006,0.0064,97.38,comtrade
202312,Zimbabwe,0.0,0.0,10185.57,comtrade
202401,Russian Federation,0.8333,6.0924,136.78,comtrade
202401,Australia,0.746,5.753,129.67,comtrade
202401,Indonesia,0.7152,6.5618,109.0,comtrade
202401,Mongolia,0.7143,5.7764,123.66,comtrade
202401,Canada,0.2656,0.9903,268.2,comtrade
202401,USA,0.113,0.6237,181.25,comtrade
202401,Colombia,0.0714,0.4834,147.77,comtrade
202401,South Africa,0.014,0.1178,118.85,comtrade
202401,Mozambique,0.0101,0.042,240.95,comtrade
202401,Malaysia,0.008,0.0986,81.57,comtrade
202401,New Zealand,0.0078,0.0638,122.11,comtrade
202401,Peru,0.0049,0.0336,145.13,comtrade
202401,Kazakhstan,0.0015,0.0142,108.32,comtrade
202401,Kyrgyzstan,0.0007,0.0146,45.53,comtrade
202401,Laos,0.0006,0.0061,99.51,comtrade
202401,Myanmar,0.0,0.001,40.94,comtrade
202401,India,0.0,0.0,83333.33,comtrade
202401,Zimbabwe,0.0,0.0,8000.0,comtrade
202402,Russian Federation,0.7051,5.3028,132.97,comtrade
202402,Australia,0.5902,5.0115,117.76,comtrade
202402,Mongolia,0.5804,4.4146,131.48,comtrade
202402,Indonesia,0.4645,4.6734,99.39,comtrade
202402,Canada,0.193,0.7415,260.31,comtrade
202402,USA,0.1826,0.9415,193.97,comtrade
202402,Ukraine,0.0125,0.0509,245.5,comtrade
202402,Colombia,0.0122,0.0554,220.0,comtrade
202402,South Africa,0.0083,0.0792,104.46,comtrade
202402,Malaysia,0.0018,0.0231,78.56,comtrade
202402,Kazakhstan,0.0007,0.0076,98.53,comtrade
202402,Laos,0.0004,0.0043,90.46,comtrade
202402,Kyrgyzstan,0.0002,0.004,43.25,comtrade
202402,Myanmar,0.0,0.0005,40.94,comtrade
202402,Iran,0.0,0.0001,157.13,comtrade
202402,United Arab Emirates,0.0,0.0,183.64,comtrade
202402,United Rep. of Tanzania,0.0,0.0,148.15,comtrade
202403,Russian Federation,0.8772,6.7922,129.15,comtrade
202403,Mongolia,0.7708,6.3108,122.13,comtrade
202403,Indonesia,0.5705,5.6107,101.67,comtrade
202403,Australia,0.5589,5.1059,109.46,comtrade
202403,Canada,0.1296,0.4369,296.69,comtrade
202403,USA,0.0965,0.5515,174.88,comtrade
202403,Colombia,0.0813,0.7504,108.28,comtrade
202403,New Zealand,0.0083,0.055,150.03,comtrade
202403,Malaysia,0.0046,0.055,83.5,comtrade
202403,Kazakhstan,0.0029,0.0306,96.03,comtrade
202403,Laos,0.001,0.0104,91.17,comtrade
202403,Kyrgyzstan,0.0004,0.0097,43.35,comtrade
202403,Myanmar,0.0003,0.0071,40.82,comtrade
202404,Russian Federation,0.9747,8.3105,117.28,comtrade
202404,Australia,0.8059,7.1858,112.15,comtrade
202404,Mongolia,0.804,7.1041,113.17,comtrade
202404,Indonesia,0.4883,4.9218,99.22,comtrade
202404,Canada,0.2372,0.9137,259.56,comtrade
202404,USA,0.1476,0.827,178.51,comtrade
202404,Colombia,0.137,1.2785,107.15,comtrade
202404,Kazakhstan,0.0233,0.2036,114.54,comtrade
202404,Laos,0.001,0.0104,98.62,comtrade
202404,Myanmar,0.0006,0.0147,40.87,comtrade
202404,Kyrgyzstan,0.0004,0.0101,44.61,comtrade
202404,India,0.0,0.0,81.67,comtrade
202404,South Africa,0.0,0.0,72750.0,comtrade
202404,Zimbabwe,0.0,0.0,1390.0,comtrade
202404,United Rep. of Tanzania,0.0,0.0,33666.67,comtrade
202405,Russian Federation,0.9519,8.258,115.26,comtrade
202405,Mongolia,0.7404,6.942,106.65,comtrade
202405,Australia,0.7126,6.7001,106.36,comtrade
202405,Indonesia,0.4452,4.6349,96.06,comtrade
202405,Canada,0.1769,0.7462,237.05,comtrade
202405,Colombia,0.1643,1.5521,105.89,comtrade
202405,USA,0.1001,0.5016,199.46,comtrade
202405,Mozambique,0.0331,0.1699,195.03,comtrade
202405,South Africa,0.0201,0.16,125.88,comtrade
202405,New Zealand,0.0065,0.055,118.59,comtrade
202405,Malaysia,0.0031,0.05,62.06,comtrade
202405,Laos,0.0016,0.0167,98.54,comtrade
202405,Kazakhstan,0.0008,0.0075,107.51,comtrade
202405,Myanmar,0.0006,0.0135,40.84,comtrade
202405,Kyrgyzstan,0.0004,0.0086,42.74,comtrade
202406,Russian Federation,0.9811,8.5495,114.76,comtrade
202406,Mongolia,0.8051,7.484,107.58,comtrade
202406,Australia,0.7453,6.8982,108.04,comtrade
202406,Indonesia,0.4387,4.5537,96.34,comtrade
202406,Canada,0.2357,0.98,240.53,comtrade
202406,Colombia,0.1555,1.399,111.17,comtrade
202406,USA,0.0911,0.5941,153.42,comtrade
202406,United Rep. of Tanzania,0.0054,0.0544,98.67,comtrade
202406,Kazakhstan,0.0021,0.0212,98.72,comtrade
202406,Kyrgyzstan,0.0006,0.014,40.09,comtrade
202406,Laos,0.0006,0.0057,98.49,comtrade
202406,South Africa,0.0006,0.005,126.49,comtrade
202407,Russian Federation,0.8843,7.5271,117.49,comtrade
202407,Australia,0.8825,7.1714,123.05,comtrade
202407,Mongolia,0.7486,7.0483,106.21,comtrade
202407,Indonesia,0.5444,5.7459,94.74,comtrade
202407,Canada,0.2014,0.8422,239.16,comtrade
202407,USA,0.1155,0.7641,151.19,comtrade
202407,Colombia,0.1034,0.9241,111.94,comtrade
202407,Mozambique,0.0352,0.1782,197.79,comtrade
202407,South Africa,0.0108,0.088,122.97,comtrade
202407,Viet Nam,0.0089,0.0275,324.07,comtrade
202407,New Zealand,0.0068,0.0444,154.04,comtrade
202407,United Rep. of Tanzania,0.0059,0.0568,103.67,comtrade
202407,Oman,0.004,0.049,81.4,comtrade
202407,Malaysia,0.0032,0.05,63.2,comtrade
202407,Kazakhstan,0.003,0.0305,98.55,comtrade
202407,Kyrgyzstan,0.0008,0.016,48.32,comtrade
202407,Uzbekistan,0.0,0.0,6781.25,comtrade
202407,"Areas, nes",0.0,0.0001,148.65,comtrade
202408,Russian Federation,0.927,7.7041,120.32,comtrade
202408,Mongolia,0.7071,7.1577,98.79,comtrade
202408,Australia,0.6803,6.1913,109.88,comtrade
202408,Indonesia,0.6533,7.0428,92.76,comtrade
202408,USA,0.2884,1.5985,180.41,comtrade
202408,Canada,0.1361,0.5814,234.08,comtrade
202408,Colombia,0.0497,0.4973,99.98,comtrade
202408,Mozambique,0.0407,0.2461,165.48,comtrade
202408,Malaysia,0.0029,0.044,66.2,comtrade
202408,New Zealand,0.0028,0.0182,154.04,comtrade
202408,Kazakhstan,0.0007,0.0103,68.5,comtrade
202408,Kyrgyzstan,0.0003,0.0056,49.57,comtrade
202408,Laos,0.0001,0.0006,98.11,comtrade
202408,Peru,0.0,0.0,15902.44,comtrade
202408,United Kingdom,0.0,0.0,1154.96,comtrade
202408,United Rep. of Tanzania,0.0,0.0,16816.67,comtrade
202408,"Areas, nes",0.0,0.0,10033.33,comtrade
202409,Australia,0.8908,7.7943,114.29,comtrade
202409,Russian Federation,0.8227,7.379,111.5,comtrade
202409,Mongolia,0.6012,6.3885,94.1,comtrade
202409,Indonesia,0.5529,5.8582,94.38,comtrade
202409,USA,0.247,1.6832,146.76,comtrade
202409,Canada,0.1861,0.8639,215.37,comtrade
202409,Colombia,0.0435,0.396,109.81,comtrade
202409,Kyrgyzstan,0.0006,0.0124,50.59,comtrade
202409,Kazakhstan,0.0002,0.0033,67.23,comtrade
202409,Laos,0.0002,0.0019,98.21,comtrade
202409,Pakistan,0.0,0.0,9940.0,comtrade
202410,Russian Federation,0.857,7.6211,112.45,comtrade
202410,Australia,0.8088,7.036,114.95,comtrade
202410,Mongolia,0.5504,5.9986,91.75,comtrade
202410,Indonesia,0.5055,5.485,92.17,comtrade
202410,USA,0.2321,1.6559,140.15,comtrade
202410,Canada,0.0793,0.413,192.08,comtrade
202410,South Africa,0.0221,0.1622,136.34,comtrade
202410,Viet Nam,0.0087,0.0362,240.08,comtrade
202410,Colombia,0.0085,0.0541,157.35,comtrade
202410,Malaysia,0.0026,0.0437,60.32,comtrade
202410,Kyrgyzstan,0.0008,0.0153,51.31,comtrade
202410,Kazakhstan,0.0005,0.0049,102.42,comtrade
202410,Laos,0.0005,0.0051,99.89,comtrade
202410,Uzbekistan,0.0,0.0,5092.59,comtrade
202411,Australia,1.0783,9.3035,115.91,comtrade
202411,Russian Federation,0.8992,7.9063,113.74,comtrade
202411,Mongolia,0.6924,7.6017,91.08,comtrade
202411,Indonesia,0.6682,7.1661,93.24,comtrade
202411,USA,0.1949,1.3532,144.01,comtrade
202411,Canada,0.1629,0.8448,192.79,comtrade
202411,Kazakhstan,0.0309,0.2499,123.72,comtrade
202411,Mozambique,0.0272,0.1572,173.27,comtrade
202411,Colombia,0.0111,0.0615,180.04,comtrade
202411,South Africa,0.0089,0.0658,134.7,comtrade
202411,New Zealand,0.0075,0.055,137.03,comtrade
202411,Laos,0.0013,0.0135,96.11,comtrade
202411,Kyrgyzstan,0.0009,0.0174,50.61,comtrade
202411,Peru,0.0,0.0,25125.0,comtrade
202411,India,0.0,0.0,7680.0,comtrade
202412,Australia,1.0316,9.0917,113.47,comtrade
202412,Russian Federation,0.7645,6.8908,110.95,comtrade
202412,Indonesia,0.6666,7.1406,93.35,comtrade
202412,Mongolia,0.5599,6.5475,85.52,comtrade
202412,Canada,0.2041,1.0146,201.18,comtrade
202412,USA,0.1593,1.0372,153.6,comtrade
202412,Mozambique,0.0323,0.1758,183.52,comtrade
202412,Colombia,0.0091,0.055,165.05,comtrade
202412,Laos,0.0022,0.0228,94.73,comtrade
202412,Kyrgyzstan,0.0008,0.0138,55.52,comtrade
202412,Kazakhstan,0.0005,0.0052,97.7,comtrade
202412,Ethiopia,0.0,0.0,404.63,comtrade
202501,Australia,0.8365,,,gacc
202501,Russian Federation,0.6891,,,gacc
202501,Indonesia,0.485,,,gacc
202501,Mongolia,0.4085,,,gacc
202501,Canada,0.1809,,,gacc
202501,USA,0.1785,,,gacc
202501,Mozambique,0.0142,,,gacc
202501,Kazakhstan,0.0101,,,gacc
202501,Laos,0.0016,,,gacc
202501,Kyrgyzstan,0.0004,,,gacc
202501,Peru,0.0,,,gacc
202501,Brazil,0.0,,,gacc
202502,Russian Federation,0.6635,,,gacc
202502,Australia,0.4169,,,gacc
202502,Mongolia,0.3676,,,gacc
202502,Indonesia,0.2416,,,gacc
202502,Canada,0.2041,,,gacc
202502,USA,0.1728,,,gacc
202502,Colombia,0.0083,,,gacc
202502,Tanzania,0.0053,,,gacc
202502,Laos,0.0001,,,gacc
202502,Kazakhstan,0.0001,,,gacc
202502,India,0.0,,,gacc
202502,Kyrgyzstan,0.0,,,gacc
202502,Mozambique,0.0,,,gacc
202502,Croatia,0.0,,,gacc
202502,South Africa,0.0,,,gacc
202502,Zimbabwe,0.0,,,gacc
202503,Russian Federation,0.7176,,,gacc
202503,Mongolia,0.4495,,,gacc
202503,Australia,0.3906,,,gacc
202503,Indonesia,0.212,,,gacc
202503,Canada,0.1402,,,gacc
202503,USA,0.0308,,,gacc
202503,New Zealand,0.0109,,,gacc
202503,Laos,0.0012,,,gacc
202503,Kyrgyzstan,0.0002,,,gacc
202503,Kazakhstan,0.0002,,,gacc
202503,Tanzania,0.0,,,gacc
202504,Russian Federation,0.6186,,,gacc
202504,Australia,0.6114,,,gacc
202504,Mongolia,0.4417,,,gacc
202504,Indonesia,0.1759,,,gacc
202504,Canada,0.1332,,,gacc
202504,Colombia,0.0134,,,gacc
202504,USA,0.009,,,gacc
202504,New Zealand,0.0089,,,gacc
202504,South Africa,0.0086,,,gacc
202504,Laos,0.0005,,,gacc
202504,Kazakhstan,0.0002,,,gacc
202504,Kyrgyzstan,0.0,,,gacc
202504,India,0.0,,,gacc
202504,Tajikistan,0.0,,,gacc
202505,Australia,0.6435,,,gacc
202505,Russian Federation,0.5837,,,gacc
202505,Mongolia,0.3706,,,gacc
202505,Indonesia,0.1796,,,gacc
202505,Canada,0.1008,,,gacc
202505,Colombia,0.0126,,,gacc
202505,Kazakhstan,0.008,,,gacc
202505,New Zealand,0.0062,,,gacc
202505,Laos,0.0006,,,gacc
202505,Kyrgyzstan,0.0001,,,gacc
202505,South Africa,0.0,,,gacc
202505,Tanzania,0.0,,,gacc
202505,USA,0.0,,,gacc
202506,Russian Federation,0.5472,,,gacc
202506,Australia,0.5028,,,gacc
202506,Mongolia,0.3898,,,gacc
202506,Indonesia,0.2319,,,gacc
202506,Canada,0.1598,,,gacc
202506,New Zealand,0.006,,,gacc
202506,Laos,0.0004,,,gacc
202506,Kazakhstan,0.0001,,,gacc
202506,Kyrgyzstan,0.0001,,,gacc
202506,Türkiye,0.0,,,gacc
202506,Colombia,0.0,,,gacc
202506,USA,0.0,,,gacc
202506,Areas NES,0.0,,,gacc
202507,Russian Federation,0.5462,,,gacc
202507,Australia,0.5134,,,gacc
202507,Mongolia,0.3563,,,gacc
202507,Indonesia,0.2113,,,gacc
202507,Canada,0.1157,,,gacc
202507,South Africa,0.0155,,,gacc
202507,Kyrgyzstan,0.0003,,,gacc
202507,Laos,0.0001,,,gacc
202507,Malaysia,0.0,,,gacc
202507,Mozambique,0.0,,,gacc
202507,USA,0.0,,,gacc
202507,Türkiye,0.0,,,gacc
202508,Russian Federation,0.6288,,,gacc
202508,Australia,0.5384,,,gacc
202508,Mongolia,0.4502,,,gacc
202508,Indonesia,0.316,,,gacc
202508,Canada,0.1647,,,gacc
202508,Kazakhstan,0.0167,,,gacc
202508,Colombia,0.0041,,,gacc
202508,Kyrgyzstan,0.0002,,,gacc
202508,Swaziland,0.0,,,gacc
202508,India,0.0,,,gacc
202508,Malaysia,0.0,,,gacc
202508,USA,0.0,,,gacc
202509,Russian Federation,0.583,,,gacc
202509,Australia,0.5366,,,gacc
202509,Mongolia,0.5261,,,gacc
202509,Indonesia,0.4341,,,gacc
202509,Canada,0.1969,,,gacc
202509,Kazakhstan,0.0331,,,gacc
202509,Mozambique,0.0123,,,gacc
202509,Viet Nam,0.0065,,,gacc
202509,Kyrgyzstan,0.0005,,,gacc
202509,USA,0.0,,,gacc
202509,Tajikistan,0.0,,,gacc
202510,Australia,0.6651,,,gacc
202510,Russian Federation,0.5757,,,gacc
202510,Mongolia,0.4382,,,gacc
202510,Indonesia,0.396,,,gacc
202510,Canada,0.1748,,,gacc
202510,South Africa,0.008,,,gacc
202510,Kyrgyzstan,0.0007,,,gacc
202510,Laos,0.0001,,,gacc
202510,Kazakhstan,0.0001,,,gacc
202510,Ireland,0.0,,,gacc
202510,USA,0.0,,,gacc
202510,Areas NES,0.0,,,gacc
202511,Russian Federation,0.7326,,,gacc
202511,Australia,0.6059,,,gacc
202511,Mongolia,0.5663,,,gacc
202511,Indonesia,0.3603,,,gacc
202511,Canada,0.1093,,,gacc
202511,Kyrgyzstan,0.0006,,,gacc
202511,Laos,0.0001,,,gacc
202511,Malaysia,0.0,,,gacc
202511,Ethiopia,0.0,,,gacc
202511,Colombia,0.0,,,gacc
202511,USA,0.0,,,gacc
202511,Panama,0.0,,,gacc
202512,Australia,0.9845,,,gacc
202512,Russian Federation,0.8673,,,gacc
202512,Mongolia,0.6209,,,gacc
202512,Indonesia,0.5904,,,gacc
202512,Canada,0.2294,,,gacc
202512,Kazakhstan,0.0336,,,gacc
202512,South Africa,0.0245,,,gacc
202512,New Zealand,0.0143,,,gacc
202512,Kyrgyzstan,0.0007,,,gacc
202512,Laos,0.0005,,,gacc
202512,Malaysia,0.0,,,gacc
202512,Colombia,0.0,,,gacc
202512,Areas NES,0.0,,,gacc
202512,Tanzania,0.0,,,gacc
202601,Australia,0.8345,,,gacc
202601,Russian Federation,0.6424,,,gacc
202601,Mongolia,0.6064,,,gacc
202601,Indonesia,0.3641,,,gacc
202601,Canada,0.1512,,,gacc
202601,Colombia,0.0209,,,gacc
202601,South Africa,0.0046,,,gacc
202601,Venezuela,0.0025,,,gacc
202601,Laos,0.0009,,,gacc
202601,Kyrgyzstan,0.0002,,,gacc
202601,Mozambique,0.0,,,gacc
202601,USA,0.0,,,gacc
202602,Russian Federation,0.4838,,,gacc
202602,Australia,0.4777,,,gacc
202602,Mongolia,0.4278,,,gacc
202602,Indonesia,0.1928,,,gacc
202602,Canada,0.0502,,,gacc
202602,South Africa,0.0036,,,gacc
202602,Laos,0.0002,,,gacc
202602,Kazakhstan,0.0002,,,gacc
202602,Kyrgyzstan,0.0002,,,gacc
202602,Zambia,0.0,,,gacc
202602,Latvia,0.0,,,gacc
202602,USA,0.0,,,gacc
202602,New Zealand,0.0,,,gacc
202603,Mongolia,0.7245,,,gacc
202603,Russian Federation,0.6808,,,gacc
202603,Australia,0.4165,,,gacc
202603,Indonesia,0.1893,,,gacc
202603,Canada,0.1744,,,gacc
202603,Colombia,0.009,,,gacc
202603,Venezuela,0.0045,,,gacc
202603,Laos,0.0007,,,gacc
202603,Kyrgyzstan,0.0004,,,gacc
202603,Japan,0.0,,,gacc
202603,USA,0.0,,,gacc
202603,India,0.0,,,gacc
202604,Mongolia,0.7275,,,gacc
202604,Russian Federation,0.5642,,,gacc
202604,Australia,0.4672,,,gacc
202604,Indonesia,0.1539,,,gacc
202604,Canada,0.084,,,gacc
202604,Venezuela,0.0071,,,gacc
202604,Laos,0.001,,,gacc
202604,Kazakhstan,0.0006,,,gacc
202604,Kyrgyzstan,0.0005,,,gacc
202604,Malaysia,0.0,,,gacc
202604,China,0.0,,,gacc
202604,Georgia,0.0,,,gacc
202604,Egypt,0.0,,,gacc
202604,Latvia,0.0,,,gacc
202604,Lithuania,0.0,,,gacc
202604,USA,0.0,,,gacc
202605,Mongolia,0.6963,,,gacc
202605,Russian Federation,0.5932,,,gacc
202605,Australia,0.4771,,,gacc
202605,Canada,0.1448,,,gacc
202605,Indonesia,0.1195,,,gacc
202605,Kazakhstan,0.0194,,,gacc
202605,Colombia,0.0132,,,gacc
202605,New Zealand,0.0109,,,gacc
202605,USA,0.004,,,gacc
202605,Venezuela,0.0039,,,gacc
202605,Laos,0.001,,,gacc
202605,Kyrgyzstan,0.0005,,,gacc
202606,Australia,0.9435,,,gacc
202606,Russian Federation,0.7548,,,gacc
202606,Mongolia,0.746,,,gacc
202606,Indonesia,0.2615,,,gacc
202606,Canada,0.0432,,,gacc
202606,South Africa,0.0304,,,gacc
202606,Kazakhstan,0.0113,,,gacc
202606,Malaysia,0.0017,,,gacc
202606,Laos,0.0006,,,gacc
202606,Kyrgyzstan,0.0004,,,gacc
202606,Pakistan,0.0,,,gacc
202606,USA,0.0,,,gacc
202606,Zambia,0.0,,,gacc
202607,Australia,1.189,,,gacc
202607,Russian Federation,0.9892,,,gacc
202607,Mongolia,0.6789,,,gacc
202607,Indonesia,0.2861,,,gacc
202607,Canada,0.11,,,gacc
202607,Colombia,0.0196,,,gacc
202607,Kazakhstan,0.0045,,,gacc
202607,Laos,0.0006,,,gacc
202607,Kyrgyzstan,0.0005,,,gacc
202607,China,0.0,,,gacc
202607,Peru,0.0,,,gacc
202607,Republic of Korea,0.0,,,gacc
202607,USA,0.0,,,gacc
202607,Egypt,0.0,,,gacc
202607,Zambia,0.0,,,gacc
202607,Mexico,0.0,,,gacc
