period,partner,value_usd_bn,qty_mt,value_per_mt_usd
202001,Australia,1.2423,2.7841,446.22
202001,Qatar,0.6127,1.0696,572.85
202001,Russian Federation,0.3075,0.7248,424.2
202001,Malaysia,0.1961,0.5615,349.26
202001,Indonesia,0.1654,0.3895,424.67
202001,Nigeria,0.1274,0.329,387.3
202001,Papua New Guinea,0.1253,0.2362,530.48
202001,Oman,0.0736,0.1947,378.19
202001,Trinidad and Tobago,0.0344,0.0654,526.19
202001,Peru,0.0293,0.0672,435.37
202001,Equatorial Guinea,0.0223,0.0645,346.17
202001,Brunei Darussalam,0.0212,0.0614,344.6
202001,Angola,0.0178,0.0487,364.77
202001,United Arab Emirates,0.0175,0.059,296.45
202001,Canada,0.0004,0.0011,393.56
202001,Netherlands,0.0001,0.0001,1542.76
202002,Australia,0.8751,2.1654,404.16
202002,Qatar,0.3987,0.7499,531.72
202002,Indonesia,0.2067,0.4579,451.27
202002,Malaysia,0.1061,0.3306,320.86
202002,Papua New Guinea,0.0618,0.1357,455.19
202002,Trinidad and Tobago,0.0556,0.1965,283.09
202002,Russian Federation,0.0505,0.1292,390.92
202002,Oman,0.0354,0.1248,283.95
202002,Nigeria,0.024,0.074,324.24
202002,Angola,0.0065,0.0185,351.55
202002,Canada,0.0007,0.0016,460.57
202002,Netherlands,0.0002,0.0003,539.82
202003,Australia,0.7801,1.9008,410.41
202003,Qatar,0.2963,0.52,569.95
202003,Malaysia,0.1428,0.4502,317.26
202003,Papua New Guinea,0.1177,0.2261,520.45
202003,Indonesia,0.1058,0.3333,317.42
202003,Nigeria,0.0998,0.2609,382.5
202003,Russian Federation,0.0703,0.1997,352.02
202003,Peru,0.0309,0.0636,486.6
202003,Brunei Darussalam,0.0198,0.0648,306.4
202003,Angola,0.0168,0.0524,320.76
202003,Oman,0.012,0.0621,192.39
202003,Egypt,0.0,0.0,700.18
202004,Australia,1.1936,2.7702,430.89
202004,Indonesia,0.1959,0.4942,396.48
202004,Qatar,0.1628,0.2999,542.73
202004,Papua New Guinea,0.1409,0.3033,464.65
202004,Malaysia,0.0857,0.3774,227.05
202004,Russian Federation,0.0672,0.2583,260.03
202004,Brunei Darussalam,0.04,0.0678,589.93
202004,USA,0.0383,0.207,184.96
202004,United Arab Emirates,0.0372,0.1186,313.27
202004,Peru,0.035,0.0714,490.84
202004,Oman,0.0142,0.0559,253.97
202004,Nigeria,0.0051,0.0091,563.07
202005,Australia,0.9148,2.3545,388.55
202005,Qatar,0.1551,0.3592,431.9
202005,Malaysia,0.1304,0.4316,302.07
202005,USA,0.1184,0.3274,361.54
202005,Indonesia,0.1097,0.2744,399.72
202005,Russian Federation,0.1055,0.3208,328.95
202005,Papua New Guinea,0.0931,0.3065,303.73
202005,Nigeria,0.0629,0.2203,285.28
202005,Oman,0.0567,0.1252,453.11
202005,Peru,0.0388,0.1163,333.12
202005,Brunei Darussalam,0.0232,0.1232,188.04
202005,Algeria,0.0124,0.0593,208.72
202005,Equatorial Guinea,0.0087,0.0673,128.95
202005,Angola,0.0078,0.0633,123.49
202005,Canada,0.0003,0.0006,516.22
202006,Australia,0.7932,2.2485,352.75
202006,Indonesia,0.3507,0.9881,354.93
202006,Malaysia,0.1502,0.5615,267.5
202006,Russian Federation,0.1201,0.3907,307.39
202006,Peru,0.1149,0.2626,437.44
202006,USA,0.0973,0.3359,289.85
202006,Qatar,0.085,0.2669,318.59
202006,Papua New Guinea,0.0725,0.2362,306.99
202006,Singapore,0.032,0.0732,436.71
202006,Nigeria,0.0168,0.1323,127.28
202006,Oman,0.0149,0.0635,234.78
202006,Cameroon,0.0098,0.068,143.36
202006,Belgium,0.0081,0.0736,109.65
202006,Brunei Darussalam,0.0072,0.0645,111.29
202006,Canada,0.0,0.0001,517.8
202007,Australia,0.923,2.4104,382.91
202007,Qatar,0.2372,0.6929,342.31
202007,Malaysia,0.1667,0.6513,255.97
202007,Nigeria,0.1081,0.3478,310.78
202007,Papua New Guinea,0.0817,0.3007,271.58
202007,Russian Federation,0.0728,0.2015,361.42
202007,USA,0.0412,0.1356,304.0
202007,Brunei Darussalam,0.0245,0.0674,363.89
202007,Indonesia,0.0178,0.1148,155.36
202007,Cameroon,0.0119,0.0671,177.66
202008,Australia,0.6726,2.4833,270.85
202008,Malaysia,0.1796,0.6941,258.69
202008,Indonesia,0.1764,0.578,305.26
202008,Russian Federation,0.1643,0.5378,305.53
202008,Qatar,0.1321,0.5445,242.55
202008,Nigeria,0.0743,0.3187,233.19
202008,Papua New Guinea,0.0657,0.3074,213.78
202008,USA,0.049,0.1325,369.91
202008,Angola,0.0274,0.0668,409.96
202008,Peru,0.0125,0.0577,216.03
202008,United Arab Emirates,0.0108,0.0584,185.34
202008,Oman,0.0076,0.0623,122.33
202008,Cameroon,0.0071,0.0618,114.65
202008,Canada,0.0,0.0,593.37
202009,Australia,0.58,2.2926,252.98
202009,Indonesia,0.1693,0.5485,308.69
202009,Qatar,0.1686,0.5646,298.55
202009,Malaysia,0.1414,0.5431,260.32
202009,Russian Federation,0.1132,0.407,278.2
202009,Papua New Guinea,0.0691,0.2344,294.82
202009,USA,0.0634,0.2513,252.45
202009,Peru,0.0616,0.1871,329.48
202009,Nigeria,0.0558,0.3214,173.61
202009,Oman,0.0193,0.1194,161.62
202009,Algeria,0.0163,0.0631,258.03
202009,France,0.0155,0.0696,223.38
202009,Angola,0.0091,0.0618,146.93
202010,Australia,0.6294,2.3031,273.26
202010,Russian Federation,0.194,0.6781,286.14
202010,Qatar,0.1489,0.3827,389.15
202010,Malaysia,0.1415,0.5187,272.7
202010,USA,0.0852,0.2723,312.89
202010,Papua New Guinea,0.0799,0.2359,338.5
202010,Indonesia,0.0798,0.3057,261.0
202010,Nigeria,0.0437,0.1986,219.93
202010,Cameroon,0.0128,0.0578,222.17
202010,Oman,0.0027,0.0087,310.65
202010,Japan,0.0,0.0,618.27
202011,Australia,0.8245,2.7245,302.63
202011,Qatar,0.4432,1.266,350.07
202011,Russian Federation,0.2034,0.5438,374.01
202011,USA,0.1668,0.4055,411.19
202011,Malaysia,0.1122,0.3501,320.42
202011,Indonesia,0.1018,0.3662,278.1
202011,Papua New Guinea,0.0811,0.2362,343.51
202011,Peru,0.0464,0.1385,335.17
202011,Brunei Darussalam,0.0355,0.1338,265.25
202011,Oman,0.0323,0.1207,267.65
202011,Cameroon,0.028,0.0659,425.32
202011,Angola,0.0256,0.068,376.06
202011,Netherlands,0.0195,0.0641,304.68
202011,Nigeria,0.016,0.061,262.14
202012,Australia,0.8832,2.4893,354.79
202012,Qatar,0.5335,1.4284,373.49
202012,USA,0.4064,1.0304,394.41
202012,Russian Federation,0.2498,0.6553,381.26
202012,Malaysia,0.178,0.5517,322.7
202012,Papua New Guinea,0.0812,0.2344,346.37
202012,Indonesia,0.075,0.2715,276.31
202012,Nigeria,0.0601,0.1384,433.97
202012,Angola,0.0481,0.1276,376.67
202012,Oman,0.0405,0.128,316.49
202012,Brunei Darussalam,0.0375,0.1297,288.85
202012,Peru,0.0279,0.0684,408.1
202012,Netherlands,0.0274,0.0702,390.05
202012,Cameroon,0.0227,0.063,359.57
202012,United Arab Emirates,0.0208,0.0601,346.99
202012,Egypt,0.0152,0.0643,235.95
202101,Australia,0.9911,2.7235,363.9
202101,Qatar,0.4685,1.207,388.2
202101,USA,0.3701,0.9097,406.87
202101,Malaysia,0.2808,0.7477,375.51
202101,Russian Federation,0.2041,0.4916,415.19
202101,Indonesia,0.1978,0.5871,336.98
202101,Oman,0.1604,0.3946,406.6
202101,Papua New Guinea,0.1543,0.3719,414.81
202101,Egypt,0.1319,0.3672,359.12
202101,Nigeria,0.1161,0.2677,433.81
202101,Cameroon,0.0435,0.0643,676.3
202101,Trinidad and Tobago,0.0238,0.0546,436.05
202101,Philippines,0.0234,0.0551,424.64
202101,Brunei Darussalam,0.0232,0.068,341.48
202101,Peru,0.0185,0.0629,294.97
202101,Angola,0.0019,0.0052,367.24
202102,Australia,0.8423,2.1709,388.01
202102,USA,0.3843,0.592,649.1
202102,Qatar,0.3751,1.1029,340.08
202102,Malaysia,0.2316,0.4807,481.72
202102,Russian Federation,0.1152,0.1819,633.2
202102,Angola,0.1148,0.184,623.9
202102,Indonesia,0.1027,0.3107,330.56
202102,Oman,0.077,0.1267,607.49
202102,Papua New Guinea,0.059,0.1568,376.51
202102,Nigeria,0.0474,0.0748,633.09
202102,Netherlands,0.0325,0.0641,507.76
202102,Equatorial Guinea,0.0244,0.0669,365.18
202102,Canada,0.0003,0.0005,475.77
202103,Australia,0.9917,2.4836,399.29
202103,Malaysia,0.3239,0.7809,414.77
202103,Qatar,0.2343,0.5956,393.34
202103,USA,0.1492,0.2745,543.48
202103,Indonesia,0.1465,0.3617,405.06
202103,Papua New Guinea,0.1329,0.2303,577.29
202103,Russian Federation,0.1199,0.3197,375.11
202103,Egypt,0.1016,0.2632,385.86
202103,Oman,0.0616,0.1281,481.26
202103,Nigeria,0.0302,0.0716,421.96
202103,Brunei Darussalam,0.0249,0.0649,384.25
202104,Australia,1.0651,3.019,352.81
202104,Malaysia,0.2923,0.8404,347.84
202104,Qatar,0.2117,0.544,389.18
202104,Indonesia,0.182,0.5179,351.48
202104,Papua New Guinea,0.1372,0.2983,459.8
202104,USA,0.1259,0.3325,378.58
202104,Russian Federation,0.0989,0.2577,383.87
202104,Brunei Darussalam,0.0494,0.1313,376.37
202104,Algeria,0.0479,0.1253,382.37
202104,Nigeria,0.0453,0.131,346.14
202104,Oman,0.0392,0.1275,307.76
202104,Peru,0.0298,0.066,451.49
202104,Egypt,0.0275,0.0622,441.71
202104,Angola,0.0229,0.0625,367.1
202104,Equatorial Guinea,0.0226,0.0688,328.72
202104,United Arab Emirates,0.0207,0.0609,339.78
202104,Thailand,0.0,0.0,605.02
202105,Australia,1.0791,2.8947,372.79
202105,Malaysia,0.3141,0.8721,360.2
202105,USA,0.2785,0.7128,390.79
202105,Qatar,0.2264,0.5436,416.52
202105,Indonesia,0.2098,0.5561,377.31
202105,Papua New Guinea,0.1483,0.3002,493.97
202105,Russian Federation,0.0934,0.2569,363.37
202105,Oman,0.0851,0.2006,424.48
202105,Nigeria,0.046,0.136,338.03
202105,Trinidad and Tobago,0.0322,0.0687,468.62
202105,Peru,0.0312,0.0693,450.39
202105,Angola,0.0285,0.0649,439.12
202105,Algeria,0.0254,0.0588,432.0
202105,Egypt,0.0235,0.0565,416.14
202105,Brunei Darussalam,0.0221,0.06,367.67
202106,Australia,1.0334,2.392,432.0
202106,USA,0.4812,1.0127,475.2
202106,Malaysia,0.3792,0.9307,407.39
202106,Qatar,0.2411,0.4715,511.41
202106,Indonesia,0.1759,0.4044,434.93
202106,Russian Federation,0.1337,0.3199,417.81
202106,Papua New Guinea,0.1172,0.2353,498.0
202106,Oman,0.1126,0.2539,443.44
202106,United Arab Emirates,0.051,0.1171,435.92
202106,Nigeria,0.0425,0.0726,585.16
202106,Equatorial Guinea,0.0343,0.0642,534.68
202106,Singapore,0.0329,0.059,558.62
202106,Belgium,0.0323,0.0682,473.65
202106,Egypt,0.0316,0.0589,536.34
202106,Angola,0.02,0.055,362.89
202107,Australia,0.975,2.0552,474.38
202107,Qatar,0.4674,0.8546,546.95
202107,USA,0.384,0.7221,531.75
202107,Russian Federation,0.1808,0.3411,530.0
202107,Malaysia,0.1698,0.4216,402.68
202107,Nigeria,0.1485,0.2609,569.26
202107,Indonesia,0.1365,0.309,441.72
202107,Papua New Guinea,0.1171,0.2214,529.1
202107,Egypt,0.0709,0.1275,556.14
202107,Brunei Darussalam,0.0499,0.0901,553.85
202107,Oman,0.04,0.0743,538.16
202107,Equatorial Guinea,0.0332,0.0612,542.4
202107,United Arab Emirates,0.0332,0.0583,569.59
202108,Australia,1.4831,2.748,539.7
202108,USA,0.5154,0.8298,621.09
202108,Qatar,0.3671,0.6855,535.43
202108,Malaysia,0.3466,0.7503,461.92
202108,Russian Federation,0.2804,0.4908,571.34
202108,Indonesia,0.1408,0.2774,507.62
202108,Nigeria,0.1224,0.2029,602.87
202108,Papua New Guinea,0.1213,0.2196,552.25
202108,United Arab Emirates,0.0705,0.1172,601.55
202108,Cameroon,0.0416,0.0611,681.22
202108,France,0.0329,0.0673,489.41
202108,Equatorial Guinea,0.0294,0.059,498.47
202108,Brunei Darussalam,0.0225,0.0278,808.89
202108,Rep. of Korea,0.0133,0.0181,731.79
202108,Angola,0.0056,0.0073,761.94
202109,Australia,1.53,2.7461,557.16
202109,USA,0.5992,0.8996,666.09
202109,Russian Federation,0.4071,0.6173,659.56
202109,Malaysia,0.396,0.6767,585.17
202109,Qatar,0.3502,0.5919,591.62
202109,Papua New Guinea,0.1832,0.3054,599.96
202109,Indonesia,0.1612,0.3028,532.42
202109,Cameroon,0.1193,0.1464,815.27
202109,Nigeria,0.0605,0.0584,1036.68
202109,Angola,0.06,0.0669,896.98
202109,Spain,0.0523,0.0642,814.74
202109,Egypt,0.0421,0.0706,596.1
202109,Trinidad and Tobago,0.0351,0.0627,560.48
202109,United Arab Emirates,0.0293,0.059,496.75
202110,Australia,1.4446,2.4546,588.51
202110,USA,0.5775,0.7261,795.36
202110,Russian Federation,0.4218,0.4872,865.67
202110,Indonesia,0.3639,0.5271,690.39
202110,Malaysia,0.3152,0.5254,599.96
202110,Qatar,0.2742,0.4121,665.34
202110,Papua New Guinea,0.1765,0.287,615.06
202110,Oman,0.1424,0.194,733.86
202110,Brunei Darussalam,0.0933,0.1891,493.44
202110,Nigeria,0.0669,0.0677,987.26
202110,Equatorial Guinea,0.0618,0.0625,989.48
202110,Trinidad and Tobago,0.0608,0.0602,1009.65
202110,Cameroon,0.0307,0.0602,509.86
202110,United Arab Emirates,0.0296,0.0595,497.98
202111,Australia,2.5189,2.7917,902.29
202111,USA,1.2684,0.989,1282.5
202111,Indonesia,0.5969,0.5727,1042.29
202111,Qatar,0.5565,0.7917,702.91
202111,Russian Federation,0.3893,0.4195,927.98
202111,Malaysia,0.2774,0.4395,631.22
202111,Papua New Guinea,0.2249,0.3122,720.53
202111,United Arab Emirates,0.1572,0.1175,1337.65
202111,Egypt,0.1018,0.182,559.21
202111,Cameroon,0.074,0.0428,1728.35
202111,Trinidad and Tobago,0.0412,0.0661,623.63
202111,Nigeria,0.0319,0.0573,556.86
202111,Equatorial Guinea,0.0058,0.0103,566.62
202112,Australia,2.3468,2.6229,894.71
202112,Qatar,1.1018,1.1777,935.54
202112,USA,1.0815,0.9751,1109.11
202112,Malaysia,0.7441,0.7672,969.82
202112,Indonesia,0.3442,0.3805,904.63
202112,Russian Federation,0.3184,0.3343,952.39
202112,Cameroon,0.285,0.1637,1741.1
202112,United Arab Emirates,0.2043,0.1185,1723.38
202112,Nigeria,0.1977,0.1205,1640.73
202112,Oman,0.1685,0.123,1369.64
202112,Papua New Guinea,0.1392,0.2244,620.16
202112,Trinidad and Tobago,0.1291,0.1164,1109.2
202112,Egypt,0.1287,0.1238,1039.06
202112,Singapore,0.1193,0.0792,1506.81
202112,Angola,0.0514,0.1206,426.01
202112,Equatorial Guinea,0.0391,0.0679,576.43
202112,Algeria,0.0324,0.0597,542.3
202112,Netherlands,0.0019,0.0043,448.42
202201,Australia,2.4568,2.56,959.68
202201,Malaysia,1.4603,1.2125,1204.31
202201,Qatar,1.2986,1.8037,719.96
202201,USA,0.6589,0.5134,1283.41
202201,Indonesia,0.6425,0.5993,1071.92
202201,Oman,0.379,0.2706,1400.23
202201,Russian Federation,0.1938,0.2639,734.5
202201,Cameroon,0.0979,0.072,1359.84
202201,Papua New Guinea,0.0887,0.1562,568.17
202201,Equatorial Guinea,0.082,0.062,1321.58
202201,Singapore,0.08,0.0617,1295.28
202201,Nigeria,0.0648,0.117,554.09
202201,Trinidad and Tobago,0.0562,0.1044,538.47
202201,China,0.0002,0.0001,1264.18
202202,Australia,1.1087,1.6614,667.3
202202,Qatar,1.0534,1.7256,610.47
202202,Malaysia,0.4026,0.5558,724.36
202202,Russian Federation,0.3006,0.3937,763.5
202202,Belgium,0.1514,0.0701,2161.05
202202,Papua New Guinea,0.1017,0.1576,645.67
202202,Indonesia,0.1009,0.1875,538.18
202202,Trinidad and Tobago,0.0283,0.0482,587.73
202202,Equatorial Guinea,0.0255,0.0156,1630.18
202203,Australia,0.9927,1.6668,595.56
202203,Qatar,0.7469,1.1363,657.33
202203,Malaysia,0.4007,0.5822,688.33
202203,Russian Federation,0.2357,0.3143,749.93
202203,Papua New Guinea,0.2016,0.3127,644.86
202203,Oman,0.1325,0.1258,1052.96
202203,Indonesia,0.1168,0.1957,596.84
202203,USA,0.092,0.0622,1477.47
202203,Equatorial Guinea,0.0435,0.0697,623.54
202203,Egypt,0.039,0.0622,627.28
202203,United Arab Emirates,0.037,0.0592,625.22
202204,Australia,0.8216,1.5798,520.03
202204,Malaysia,0.6053,0.6661,908.76
202204,Russian Federation,0.577,0.4568,1263.28
202204,Qatar,0.4923,0.812,606.26
202204,Indonesia,0.159,0.2592,613.65
202204,Papua New Guinea,0.1548,0.2346,659.98
202204,Peru,0.0456,0.072,632.98
202204,Egypt,0.0412,0.0581,709.51
202204,Brunei Darussalam,0.0392,0.064,611.87
202204,Trinidad and Tobago,0.0383,0.0623,615.42
202204,Netherlands,0.0275,0.0581,474.29
202205,Australia,1.271,1.8788,676.51
202205,Qatar,0.7479,1.1972,624.73
202205,Russian Federation,0.4397,0.3924,1120.57
202205,USA,0.3394,0.3378,1004.54
202205,Malaysia,0.314,0.4192,749.07
202205,Indonesia,0.2637,0.3029,870.62
202205,Papua New Guinea,0.1192,0.156,764.09
202205,Oman,0.1008,0.0585,1722.43
202205,Brunei Darussalam,0.0537,0.066,814.51
202205,Nigeria,0.0442,0.0685,646.0
202206,Australia,1.084,1.7905,605.39
202206,Qatar,0.6891,0.9606,717.35
202206,Malaysia,0.4249,0.503,844.84
202206,Russian Federation,0.395,0.5205,758.83
202206,Indonesia,0.359,0.5045,711.59
202206,Papua New Guinea,0.2449,0.305,802.88
202206,Oman,0.122,0.0703,1736.11
202206,Nigeria,0.0919,0.1254,732.63
202206,Peru,0.0071,0.0092,771.61
202207,Australia,1.2147,1.8114,670.55
202207,Qatar,0.9398,1.3336,704.71
202207,Russian Federation,0.3043,0.4011,758.57
202207,Malaysia,0.2656,0.3678,722.22
202207,Papua New Guinea,0.1904,0.2178,873.91
202207,Oman,0.1164,0.1314,886.1
202207,USA,0.0558,0.0729,764.6
202207,Peru,0.0496,0.067,739.35
202207,Equatorial Guinea,0.0494,0.0664,744.1
202207,Brunei Darussalam,0.0442,0.0624,708.13
202207,Indonesia,0.0386,0.0625,618.06
202207,Nigeria,0.0355,0.0616,575.87
202207,Egypt,0.0198,0.0574,344.24
202207,Japan,0.0,0.0,951.74
202208,Australia,1.2064,1.4404,837.53
202208,Qatar,0.8881,1.0383,855.38
202208,Russian Federation,0.7466,0.6687,1116.57
202208,Malaysia,0.6717,0.72,932.84
202208,Indonesia,0.3372,0.4226,797.97
202208,Papua New Guinea,0.1776,0.2091,849.18
202208,USA,0.0561,0.0681,824.15
202208,Peru,0.0464,0.0628,738.31
202208,Trinidad and Tobago,0.0287,0.057,503.78
202208,Nigeria,0.0074,0.0092,797.37
202209,Australia,1.3194,1.731,762.18
202209,Qatar,1.279,1.4292,894.95
202209,Russian Federation,1.0168,0.8083,1257.94
202209,Malaysia,0.9368,0.8504,1101.52
202209,Indonesia,0.3543,0.4873,727.2
202209,Papua New Guinea,0.2087,0.2394,871.74
202209,Oman,0.1493,0.0849,1759.38
202209,USA,0.0803,0.0907,885.63
202209,Trinidad and Tobago,0.0582,0.0683,852.71
202209,Nigeria,0.0196,0.0591,332.13
202209,Peru,0.0034,0.0041,823.16
202210,Russian Federation,1.0832,0.7495,1445.31
202210,Australia,1.0594,1.4054,753.82
202210,Qatar,0.7948,1.0136,784.11
202210,Malaysia,0.3344,0.3145,1063.31
202210,France,0.2179,0.067,3252.07
202210,USA,0.1441,0.1992,723.51
202210,Papua New Guinea,0.1318,0.1481,889.72
202210,Indonesia,0.0585,0.0275,2125.93
202210,Brunei Darussalam,0.0503,0.0668,753.08
202211,Australia,1.8155,2.3953,757.92
202211,Qatar,1.1648,1.4316,813.63
202211,Russian Federation,0.8106,0.8478,956.07
202211,Malaysia,0.5092,0.5121,994.43
202211,USA,0.4016,0.3955,1015.32
202211,Indonesia,0.2953,0.3394,870.05
202211,Papua New Guinea,0.1272,0.147,865.51
202211,Oman,0.1228,0.0644,1906.53
202211,Algeria,0.1019,0.0683,1491.85
202211,Equatorial Guinea,0.0569,0.064,889.92
202211,Brunei Darussalam,0.0442,0.0627,704.91
202211,Singapore,0.0439,0.0419,1047.34
202211,Egypt,0.0061,0.0075,811.22
202212,Australia,1.6438,1.929,852.14
202212,Qatar,1.4819,1.7986,823.89
202212,Russian Federation,0.6292,0.668,941.9
202212,Malaysia,0.5133,0.6594,778.41
202212,USA,0.3551,0.3432,1034.65
202212,Indonesia,0.3453,0.3442,1003.15
202212,Papua New Guinea,0.2576,0.226,1139.59
202212,Oman,0.2032,0.1512,1343.76
202212,Egypt,0.1816,0.1633,1112.27
202212,Trinidad and Tobago,0.1064,0.068,1565.97
202212,United Arab Emirates,0.0848,0.06,1412.56
202212,France,0.0472,0.0632,746.41
202212,Equatorial Guinea,0.0465,0.0603,771.62
202212,Spain,0.0121,0.0083,1462.91
202301,Australia,1.5625,2.0184,774.14
202301,Qatar,1.2107,1.677,721.96
202301,Malaysia,0.6598,0.7306,903.1
202301,Russian Federation,0.4365,0.4449,981.04
202301,Indonesia,0.37,0.38,973.62
202301,USA,0.2338,0.2582,905.78
202301,Oman,0.1664,0.1297,1282.94
202301,Papua New Guinea,0.055,0.0694,792.83
202301,Egypt,0.0496,0.0699,709.64
202301,United Arab Emirates,0.0492,0.0592,830.13
202301,Nigeria,0.0466,0.0608,766.53
202301,Canada,0.0001,0.0002,677.65
202302,Qatar,1.2615,1.6661,757.17
202302,Australia,1.0227,1.4311,714.6
202302,Russian Federation,0.4765,0.5823,818.27
202302,Papua New Guinea,0.3973,0.3037,1308.03
202302,Malaysia,0.3708,0.495,749.07
202302,Indonesia,0.3119,0.3762,829.11
202302,USA,0.1592,0.204,780.61
202302,Nigeria,0.0379,0.0583,650.32
202302,Trinidad and Tobago,0.0243,0.0497,489.19
202302,Canada,0.0005,0.0007,669.04
202303,Australia,1.1267,1.8855,597.57
202303,Qatar,0.7629,1.3153,580.01
202303,Malaysia,0.4033,0.6588,612.08
202303,Russian Federation,0.4012,0.5864,684.2
202303,USA,0.1679,0.2363,710.57
202303,Papua New Guinea,0.1503,0.2284,657.75
202303,Indonesia,0.0997,0.1314,758.89
202303,Egypt,0.0518,0.0662,782.23
202303,Oman,0.0446,0.0628,710.02
202303,Nigeria,0.039,0.0634,615.07
202303,Peru,0.039,0.0685,569.62
202303,Equatorial Guinea,0.0085,0.0121,702.7
202303,Canada,0.0003,0.0004,680.77
202304,Australia,0.8962,1.4872,602.59
202304,Qatar,0.7434,1.2226,608.04
202304,Russian Federation,0.3318,0.5205,637.44
202304,Indonesia,0.2939,0.4202,699.31
202304,Malaysia,0.2086,0.3969,525.55
202304,Papua New Guinea,0.0923,0.1569,588.2
202304,Brunei Darussalam,0.0862,0.13,663.09
202304,United Arab Emirates,0.0444,0.0607,731.71
202304,Egypt,0.0443,0.0738,600.67
202304,Nigeria,0.0421,0.0628,669.95
202304,Algeria,0.0413,0.0662,623.44
202304,Oman,0.0391,0.0665,588.82
202304,Trinidad and Tobago,0.0262,0.0569,461.35
202304,Peru,0.0041,0.0068,597.9
202304,USA,0.0024,0.0032,743.56
202305,Australia,1.3359,2.318,576.34
202305,Qatar,0.7487,1.2013,623.2
202305,Russian Federation,0.5316,0.8891,597.92
202305,Malaysia,0.4822,0.9162,526.34
202305,Papua New Guinea,0.2086,0.3053,683.32
202305,Indonesia,0.162,0.2447,661.87
202305,USA,0.0924,0.1584,583.09
202305,United Arab Emirates,0.0715,0.1212,589.86
202305,Egypt,0.0499,0.0722,690.62
202305,Oman,0.04,0.0604,662.6
202305,Trinidad and Tobago,0.0301,0.0651,462.41
202305,Canada,0.0,0.0,1019.99
202306,Australia,1.1835,2.1521,549.94
202306,Qatar,0.6486,1.1675,555.53
202306,Russian Federation,0.4888,0.8498,575.13
202306,Indonesia,0.2365,0.3692,640.55
202306,Malaysia,0.2058,0.4177,492.82
202306,Papua New Guinea,0.0999,0.1478,676.2
202306,Brunei Darussalam,0.0828,0.1297,638.92
202306,Oman,0.071,0.1253,566.32
202306,Mozambique,0.0409,0.0873,467.98
202306,Peru,0.0405,0.0705,574.74
202306,Algeria,0.0383,0.0711,538.29
202306,USA,0.036,0.0655,550.44
202306,Equatorial Guinea,0.0343,0.0614,558.08
202306,Nigeria,0.0343,0.0646,530.21
202306,United Arab Emirates,0.0323,0.0591,545.61
202306,Trinidad and Tobago,0.027,0.0594,454.69
202307,Australia,1.1671,2.207,528.82
202307,Qatar,0.7282,1.2554,580.07
202307,Russian Federation,0.3088,0.5799,532.5
202307,Malaysia,0.2437,0.5223,466.57
202307,USA,0.1756,0.3531,497.15
202307,Papua New Guinea,0.1592,0.2383,668.06
202307,Indonesia,0.1397,0.2371,589.18
202307,Nigeria,0.1389,0.2558,543.01
202307,Brunei Darussalam,0.0448,0.0677,661.61
202307,United Arab Emirates,0.03,0.0649,463.12
202307,Mozambique,0.0227,0.0554,408.77
202308,Australia,1.1399,2.1243,536.58
202308,Qatar,0.7132,1.2572,567.31
202308,Russian Federation,0.5603,0.9961,562.49
202308,USA,0.3253,0.5263,618.15
202308,Malaysia,0.2881,0.5788,497.82
202308,Indonesia,0.2195,0.3396,646.49
202308,Papua New Guinea,0.1789,0.2877,621.78
202308,Mozambique,0.0365,0.0733,497.49
202308,United Arab Emirates,0.0313,0.0547,573.11
202308,Canada,0.0,0.0001,487.13
202309,Australia,0.9302,1.6777,554.46
202309,Qatar,0.6929,1.2831,540.05
202309,Russian Federation,0.437,0.7407,589.92
202309,Indonesia,0.3018,0.4795,629.51
202309,Malaysia,0.2228,0.4614,482.89
202309,USA,0.1929,0.33,584.55
202309,Mozambique,0.1003,0.1955,513.01
202309,Algeria,0.0802,0.1306,614.3
202309,Brunei Darussalam,0.0791,0.1292,612.33
202309,Papua New Guinea,0.0545,0.0817,667.12
202309,Oman,0.0357,0.0625,571.61
202309,Nigeria,0.034,0.0634,535.67
202309,Singapore,0.005,0.0091,545.49
202310,Australia,0.9476,1.7309,547.48
202310,Qatar,0.6908,1.2167,567.79
202310,Russian Federation,0.4178,0.7396,564.89
202310,Malaysia,0.2429,0.4599,528.18
202310,USA,0.1644,0.2587,635.41
202310,Papua New Guinea,0.1483,0.2257,657.12
202310,Oman,0.1233,0.2029,607.44
202310,Indonesia,0.087,0.1307,665.8
202310,Brunei Darussalam,0.0421,0.0678,620.41
202310,United Arab Emirates,0.03,0.0628,476.9
202310,Mozambique,0.0089,0.0149,594.06
202310,Singapore,0.0048,0.0087,550.88
202311,Australia,1.6424,2.6069,630.03
202311,Qatar,0.7666,1.2857,596.21
202311,Malaysia,0.388,0.7281,532.93
202311,Russian Federation,0.3773,0.6096,618.88
202311,Indonesia,0.2281,0.3572,638.57
202311,Papua New Guinea,0.1548,0.2242,690.59
202311,USA,0.1544,0.215,717.98
202311,Nigeria,0.1135,0.1892,600.0
202311,Oman,0.0964,0.12,803.33
202311,Brunei Darussalam,0.0875,0.1287,679.9
202311,Mozambique,0.0816,0.1297,629.14
202311,Türkiye,0.0622,0.0725,857.96
202311,Trinidad and Tobago,0.0396,0.0667,593.31
202312,Australia,1.8144,2.4974,726.51
202312,Qatar,1.3172,2.1088,624.6
202312,Malaysia,0.4772,0.7155,666.93
202312,USA,0.3845,0.5229,735.23
202312,Russian Federation,0.3844,0.5095,754.49
202312,Indonesia,0.3617,0.5185,697.68
202312,Nigeria,0.254,0.3568,712.08
202312,Papua New Guinea,0.1531,0.2214,691.28
202312,Oman,0.1514,0.1917,789.56
202312,United Arab Emirates,0.1408,0.1856,758.69
202312,Mozambique,0.0928,0.1266,733.05
202312,Algeria,0.0635,0.0703,903.91
202312,Equatorial Guinea,0.0627,0.0678,924.85
202312,Trinidad and Tobago,0.062,0.0691,897.75
202312,Cameroon,0.0431,0.0725,595.42
202312,Brunei Darussalam,0.0381,0.0643,593.28
202401,Australia,1.333,2.256,590.89
202401,Qatar,1.1413,1.8968,601.73
202401,Russian Federation,0.5239,0.7357,712.17
202401,Malaysia,0.4449,0.8451,526.53
202401,USA,0.2518,0.3918,642.59
202401,Indonesia,0.2306,0.3738,616.98
202401,Papua New Guinea,0.1147,0.157,730.75
202401,Nigeria,0.0938,0.1294,725.09
202401,Brunei Darussalam,0.0849,0.1237,686.5
202401,Egypt,0.0807,0.1268,636.44
202401,Equatorial Guinea,0.0504,0.0595,846.89
202401,Oman,0.0503,0.064,785.68
202401,United Arab Emirates,0.0293,0.0624,469.17
202401,Canada,0.0002,0.0004,481.57
202402,Australia,1.0065,1.7093,588.82
202402,Qatar,0.9847,1.6311,603.69
202402,Malaysia,0.4092,0.8182,500.2
202402,Russian Federation,0.2668,0.4553,585.97
202402,Indonesia,0.2189,0.3601,608.02
202402,Papua New Guinea,0.1982,0.2827,701.25
202402,Oman,0.143,0.2036,702.23
202402,Nigeria,0.0563,0.0671,840.2
202402,Mozambique,0.0462,0.0881,524.02
202402,Brunei Darussalam,0.0351,0.0642,547.2
202402,United Arab Emirates,0.0345,0.0614,561.87
202402,Peru,0.034,0.0559,609.18
202402,USA,0.0301,0.0695,433.5
202402,Trinidad and Tobago,0.0102,0.0167,612.16
202402,Canada,0.0,0.0,441.28
202403,Australia,1.2315,2.2836,539.26
202403,Qatar,0.968,1.6716,579.09
202403,Malaysia,0.2963,0.6479,457.29
202403,Russian Federation,0.2635,0.4454,591.61
202403,USA,0.2092,0.4125,507.23
202403,Indonesia,0.1581,0.2417,654.09
202403,Papua New Guinea,0.1026,0.1487,689.9
202403,Nigeria,0.1005,0.1867,538.27
202403,Mozambique,0.0797,0.1614,493.96
202403,Brunei Darussalam,0.0672,0.1294,519.57
202403,United Arab Emirates,0.0591,0.1226,482.03
202403,Oman,0.0589,0.127,463.43
202404,Australia,1.2167,2.148,566.45
202404,Qatar,0.8346,1.5052,554.47
202404,Russian Federation,0.3953,0.7692,513.88
202404,Malaysia,0.2988,0.6597,452.92
202404,Papua New Guinea,0.1932,0.3072,628.67
202404,Indonesia,0.11,0.2348,468.71
202404,USA,0.0963,0.2134,451.31
202404,Brunei Darussalam,0.0578,0.1289,448.03
202404,Nigeria,0.0346,0.0684,506.76
202404,Peru,0.0327,0.0578,565.93
202404,Oman,0.0265,0.0639,414.62
202404,Trinidad and Tobago,0.0076,0.0134,565.93
202405,Australia,1.4647,2.6362,555.61
202405,Qatar,0.6034,1.0376,581.48
202405,Indonesia,0.3435,0.5447,630.76
202405,Malaysia,0.3354,0.7194,466.28
202405,Russian Federation,0.2427,0.4463,543.81
202405,USA,0.1389,0.2675,519.24
202405,Papua New Guinea,0.1068,0.1595,669.42
202405,Oman,0.1008,0.2004,503.04
202405,Nigeria,0.0943,0.1826,516.23
202405,United Arab Emirates,0.0588,0.1204,488.25
202405,Equatorial Guinea,0.0374,0.0662,564.83
202405,Brunei Darussalam,0.0346,0.0635,544.54
202405,Mozambique,0.0304,0.0679,448.1
202406,Australia,1.2963,2.3728,546.31
202406,Qatar,0.4838,0.7993,605.27
202406,Russian Federation,0.3768,0.6612,569.78
202406,Malaysia,0.3373,0.6273,537.71
202406,Indonesia,0.1522,0.2448,621.82
202406,Papua New Guinea,0.1077,0.1581,680.99
202406,United Arab Emirates,0.0928,0.1851,501.39
202406,USA,0.0574,0.1212,474.11
202406,Nigeria,0.0397,0.0727,546.43
202406,Peru,0.0365,0.0634,576.11
202406,Brunei Darussalam,0.0351,0.0644,544.9
202406,Oman,0.034,0.0624,545.54
202406,Mozambique,0.0318,0.0721,441.6
202406,Trinidad and Tobago,0.0224,0.0525,426.62
202407,Australia,1.0141,1.8156,558.54
202407,Qatar,0.7968,1.4191,561.47
202407,USA,0.3833,0.662,578.91
202407,Russian Federation,0.3765,0.6561,573.92
202407,Malaysia,0.2629,0.5762,456.29
202407,Papua New Guinea,0.1616,0.2351,687.28
202407,Oman,0.1101,0.1933,569.61
202407,Nigeria,0.0823,0.1401,587.44
202407,Indonesia,0.0436,0.0717,608.87
202407,Norway,0.022,0.0421,521.88
202407,Trinidad and Tobago,0.0073,0.0165,440.17
202408,Australia,1.1137,1.9898,559.69
202408,Qatar,0.9658,1.6098,599.96
202408,Russian Federation,0.5054,0.8614,586.73
202408,Malaysia,0.3566,0.6654,535.89
202408,USA,0.2952,0.437,675.46
202408,Indonesia,0.1349,0.2156,625.68
202408,Mozambique,0.1264,0.2115,597.61
202408,Nigeria,0.1174,0.2041,575.22
202408,Papua New Guinea,0.1107,0.158,700.47
202408,United Arab Emirates,0.043,0.0612,703.29
202408,Trinidad and Tobago,0.039,0.0658,593.33
202408,Canada,0.0,0.0001,528.7
202409,Australia,1.3104,2.242,584.46
202409,Qatar,0.822,1.4859,553.21
202409,Russian Federation,0.6019,0.9573,628.76
202409,Indonesia,0.2975,0.5002,594.88
202409,USA,0.2849,0.4853,587.12
202409,Malaysia,0.1935,0.4117,470.14
202409,Papua New Guinea,0.1645,0.2368,694.85
202409,Nigeria,0.0505,0.0726,696.13
202409,Oman,0.0476,0.0686,693.49
202409,Brunei Darussalam,0.047,0.0675,695.63
202409,Equatorial Guinea,0.0457,0.0639,714.78
202409,Peru,0.04,0.0688,581.85
202409,United Arab Emirates,0.0365,0.0595,612.51
202409,Mozambique,0.01,0.0182,549.83
202410,Australia,1.2897,2.2595,570.76
202410,Qatar,0.7878,1.36,579.29
202410,USA,0.4884,0.7639,639.35
202410,Russian Federation,0.4604,0.7349,626.48
202410,Malaysia,0.2234,0.4252,525.34
202410,Indonesia,0.1508,0.2124,709.92
202410,Papua New Guinea,0.1088,0.1591,683.75
202410,Brunei Darussalam,0.0823,0.1314,626.47
202410,Mozambique,0.078,0.1451,537.33
202410,Nigeria,0.0502,0.0734,683.72
202410,Oman,0.0465,0.0637,729.09
202410,Trinidad and Tobago,0.0297,0.0646,460.02
202410,Algeria,0.0224,0.0338,662.08
202411,Australia,1.3395,2.2009,608.61
202411,Qatar,0.962,1.7756,541.82
202411,Russian Federation,0.4235,0.6714,630.79
202411,Malaysia,0.3175,0.6175,514.11
202411,Indonesia,0.264,0.4201,628.57
202411,Papua New Guinea,0.1029,0.1567,656.69
202411,United Arab Emirates,0.0588,0.1162,505.84
202411,USA,0.0546,0.1308,417.76
202411,Mozambique,0.0094,0.0182,513.78
202412,Australia,1.3547,2.2682,597.26
202412,Qatar,1.2448,2.1446,580.42
202412,Russian Federation,0.5522,0.8895,620.86
202412,Malaysia,0.3667,0.6706,546.83
202412,Papua New Guinea,0.1273,0.1965,648.03
202412,USA,0.1218,0.1984,613.87
202412,Nigeria,0.1028,0.1762,583.05
202412,Cameroon,0.1025,0.1436,713.79
202412,Indonesia,0.079,0.1235,639.57
202412,Peru,0.0414,0.0695,595.37
202412,Oman,0.0353,0.0659,535.95
202412,United Arab Emirates,0.032,0.0625,511.3
202412,Mozambique,0.0276,0.0598,461.3
