period,demand_twh,coal_twh,coal_share_pct,gas_twh,gas_share_pct,nuclear_twh,nuclear_share_pct,hydro_twh,hydro_share_pct,wind_twh,wind_share_pct,solar_twh,solar_share_pct,bioenergy_twh,bioenergy_share_pct,other_fossil_twh,other_fossil_share_pct,net_imports_twh,net_imports_share_pct,fossil_twh,fossil_share_pct,clean_twh,clean_share_pct,renewables_twh,renewables_share_pct,carbon_intensity_gco2_kwh
201601,480.44,361.16,75.01,16.04,3.33,14.69,3.05,63.56,13.2,16.11,3.35,3.37,0.7,3.65,0.76,2.89,0.6,-1.02,-0.21,380.09,78.94,101.38,21.06,86.69,18.01,761.42
201602,397.3,279.62,70.21,12.01,3.02,14.98,3.76,65.37,16.41,17.19,4.32,4.07,1.02,3.68,0.92,1.34,0.34,-0.94,-0.24,292.97,73.57,105.29,26.43,90.31,22.67,712.48
201603,483.74,347.64,71.73,14.37,2.96,17.39,3.59,73.47,15.16,21.04,4.34,4.97,1.03,3.73,0.77,2.03,0.42,-0.9,-0.18,364.04,75.11,120.6,24.89,103.21,21.3,727.06
201604,453.76,313.84,68.89,13.27,2.91,15.01,3.29,78.58,17.25,23.32,5.12,5.48,1.2,3.8,0.84,2.27,0.5,-1.82,-0.4,329.38,72.3,126.19,27.7,111.18,24.41,700.32
201605,473.51,313.85,66.14,13.55,2.86,16.44,3.46,94.14,19.84,24.5,5.16,5.85,1.23,3.83,0.81,2.36,0.5,-1.01,-0.21,329.76,69.5,144.76,30.5,128.32,27.04,673.66
201606,497.01,327.83,65.83,14.89,2.99,17.95,3.6,106.45,21.38,18.71,3.76,5.93,1.19,3.82,0.77,2.45,0.49,-1.02,-0.2,345.17,69.31,152.86,30.7,134.91,27.1,671.27
201607,558.81,365.88,65.32,19.51,3.48,19.81,3.54,124.39,22.21,17.22,3.07,6.51,1.16,3.76,0.67,3.1,0.55,-1.36,-0.24,388.49,69.35,171.69,30.65,151.88,27.11,668.89
201608,569.65,389.25,68.24,21.01,3.68,20.16,3.53,111.23,19.5,15.68,2.75,6.93,1.21,3.81,0.67,2.36,0.41,-0.76,-0.13,412.62,72.33,157.81,27.66,137.65,24.13,696.88
201609,497.58,342.16,68.55,15.54,3.11,18.0,3.61,94.59,18.95,15.76,3.16,6.69,1.34,3.97,0.8,2.42,0.48,-1.55,-0.31,360.12,72.14,139.01,27.86,121.01,24.25,698.02
201610,494.74,337.54,68.09,13.52,2.73,17.46,3.52,92.27,18.61,22.61,4.56,5.9,1.19,4.24,0.86,2.21,0.45,-1.0,-0.2,353.27,71.27,142.48,28.74,125.02,25.22,691.52
201611,511.17,360.32,70.38,14.64,2.86,19.48,3.8,80.31,15.69,24.99,4.88,5.65,1.1,4.39,0.86,2.21,0.43,-0.83,-0.16,377.17,73.67,134.82,26.33,115.34,22.53,713.83
201612,540.66,401.52,74.19,18.81,3.48,21.36,3.95,64.55,11.93,23.74,4.39,5.18,0.96,4.42,0.82,1.6,0.3,-0.51,-0.09,421.93,77.97,119.25,22.05,97.89,18.1,752.09
201701,518.96,390.57,75.11,17.07,3.28,16.67,3.21,59.36,11.42,22.46,4.32,6.15,1.18,4.32,0.83,3.42,0.66,-1.07,-0.2,411.06,79.05,108.96,20.96,92.29,17.75,760.57
201702,427.68,302.39,70.49,12.78,2.98,16.68,3.89,61.04,14.23,22.9,5.34,7.24,1.69,4.32,1.01,1.61,0.38,-1.28,-0.3,316.78,73.85,112.18,26.16,95.5,22.27,713.56
201703,520.33,374.09,71.73,15.3,2.93,21.4,4.1,70.19,13.46,25.15,4.82,8.57,1.64,4.41,0.84,2.4,0.46,-1.17,-0.22,391.79,75.12,129.72,24.86,108.32,20.76,725.42
201704,482.2,331.41,68.58,14.12,2.92,20.26,4.19,72.05,14.91,29.25,6.05,8.96,1.86,4.6,0.95,2.59,0.54,-1.06,-0.22,348.12,72.04,135.12,27.96,114.86,23.77,695.91
201705,500.84,333.78,66.48,14.42,2.87,20.49,4.08,86.41,17.21,29.3,5.84,10.35,2.06,4.69,0.94,2.63,0.52,-1.23,-0.24,350.83,69.87,151.24,30.13,130.75,26.05,675.65
201706,524.48,347.43,66.04,15.84,3.01,19.9,3.78,102.71,19.52,22.39,4.26,10.38,1.97,4.7,0.89,2.71,0.52,-1.6,-0.3,365.98,69.57,160.08,30.42,140.18,26.64,672.16
201707,609.9,405.91,66.41,20.76,3.4,23.08,3.78,121.82,19.93,20.16,3.3,11.4,1.86,4.62,0.76,3.5,0.57,-1.35,-0.22,430.17,70.38,181.08,29.63,158.0,25.85,677.55
201708,601.83,404.47,67.14,22.36,3.71,23.02,3.82,114.02,18.93,20.1,3.34,11.16,1.85,4.68,0.78,2.61,0.43,-0.59,-0.1,429.44,71.28,172.98,28.72,149.96,24.9,685.05
201709,529.59,341.12,64.24,16.54,3.12,21.95,4.13,109.86,20.69,22.48,4.23,11.54,2.17,4.89,0.92,2.66,0.5,-1.45,-0.27,360.32,67.86,170.72,32.14,148.77,28.01,655.34
201710,514.86,330.35,64.03,14.39,2.79,20.13,3.9,105.57,20.46,26.76,5.19,11.1,2.15,5.24,1.02,2.39,0.46,-1.07,-0.21,347.13,67.28,168.8,32.72,148.67,28.82,651.77
201711,542.23,366.47,67.5,15.59,2.87,22.34,4.12,86.63,15.96,32.86,6.05,11.23,2.07,5.35,0.98,2.46,0.45,-0.7,-0.13,384.52,70.82,158.41,29.18,136.07,25.06,684.95
201712,589.45,427.71,72.5,20.02,3.39,22.18,3.76,72.4,12.27,30.77,5.22,9.73,1.65,5.21,0.88,1.91,0.32,-0.48,-0.08,449.64,76.21,140.29,23.78,118.11,20.02,734.0
201801,589.87,439.92,74.46,18.27,3.09,19.73,3.34,64.36,10.89,29.16,4.93,10.27,1.74,4.82,0.82,4.31,0.73,-0.96,-0.16,462.5,78.28,128.34,21.72,108.61,18.38,752.23
201802,483.43,340.58,70.27,13.68,2.82,19.6,4.04,62.49,12.89,29.8,6.15,11.54,2.38,4.74,0.98,2.26,0.47,-1.26,-0.26,356.52,73.56,128.17,26.44,108.57,22.4,709.59
201803,545.48,387.44,70.86,16.38,3.0,21.76,3.98,66.27,12.12,32.99,6.03,13.92,2.54,4.96,0.91,3.07,0.56,-1.31,-0.24,406.89,74.42,139.9,25.58,118.14,21.6,716.55
201804,533.4,365.8,68.49,15.12,2.83,21.58,4.04,70.14,13.13,38.12,7.14,14.87,2.78,5.5,1.03,2.99,0.56,-0.71,-0.13,383.91,71.88,150.21,28.12,128.63,24.08,693.41
201805,567.34,378.71,66.57,15.44,2.71,23.57,4.14,92.52,16.26,34.28,6.02,15.76,2.77,5.75,1.01,2.9,0.51,-1.58,-0.28,397.05,69.79,171.88,30.2,148.31,26.06,674.34
201806,577.29,379.07,65.5,16.96,2.93,23.74,4.1,106.28,18.36,27.25,4.71,16.65,2.88,5.73,0.99,3.02,0.52,-1.41,-0.24,399.05,68.95,179.65,31.04,155.91,26.94,665.42
201807,662.34,431.86,65.07,22.23,3.35,26.49,3.99,129.28,19.48,27.31,4.12,16.89,2.54,5.43,0.82,4.15,0.63,-1.3,-0.2,458.24,69.05,205.4,30.95,178.91,26.96,663.57
201808,665.37,440.78,66.11,23.94,3.59,27.1,4.07,127.41,19.11,21.68,3.25,17.24,2.58,5.34,0.8,3.27,0.49,-1.39,-0.21,467.99,70.19,198.77,29.81,171.67,25.74,673.62
201809,572.68,364.84,63.56,17.71,3.08,25.16,4.38,114.21,19.9,26.86,4.68,16.31,2.84,5.48,0.95,3.44,0.6,-1.34,-0.23,385.99,67.24,188.02,32.75,162.86,28.37,648.01
201810,558.29,350.42,62.62,15.4,2.75,27.29,4.88,112.01,20.02,28.72,5.13,16.75,2.99,5.83,1.04,3.18,0.57,-1.31,-0.23,369.0,65.94,190.6,34.06,163.31,29.18,637.44
201811,573.85,388.37,67.53,16.69,2.9,28.32,4.92,87.63,15.24,30.53,5.31,14.4,2.5,5.97,1.04,3.25,0.56,-1.31,-0.23,408.31,70.99,166.85,29.01,138.53,24.09,684.61
201812,639.71,458.79,71.57,21.43,3.34,29.13,4.54,71.86,11.21,39.1,6.1,12.32,1.92,5.9,0.92,2.51,0.39,-1.33,-0.21,482.73,75.3,158.31,24.69,129.18,20.15,723.5
201901,619.19,455.65,73.54,18.41,2.97,24.26,3.92,67.5,10.9,32.18,5.19,11.75,1.9,5.61,0.9,4.23,0.68,-0.4,-0.06,478.29,77.19,141.3,22.81,117.04,18.89,740.76
201902,510.84,351.24,68.44,14.19,2.77,24.12,4.7,70.28,13.7,32.3,6.29,13.45,2.62,5.61,1.09,1.98,0.39,-2.33,-0.45,367.41,71.6,145.76,28.4,121.64,23.7,689.78
201903,587.65,395.32,67.11,17.22,2.92,28.65,4.86,81.13,13.77,39.52,6.71,18.74,3.18,5.88,1.0,2.56,0.43,-1.36,-0.23,415.1,70.46,173.92,29.52,145.27,24.66,678.06
201904,562.92,367.0,65.13,15.63,2.77,27.8,4.93,83.41,14.8,38.99,6.92,20.13,3.57,6.44,1.14,4.08,0.72,-0.59,-0.1,386.71,68.62,176.77,31.36,148.97,26.43,660.86
201905,579.12,360.98,62.14,16.77,2.89,27.19,4.68,102.71,17.68,40.92,7.04,21.62,3.72,6.71,1.15,4.06,0.7,-1.84,-0.32,381.81,65.73,199.15,34.27,171.96,29.59,632.89
201906,601.27,378.88,62.82,20.96,3.48,27.97,4.64,113.69,18.85,30.38,5.04,20.86,3.46,6.67,1.11,3.67,0.61,-1.81,-0.3,403.51,66.91,199.57,33.1,171.6,28.46,641.53
201907,677.53,428.44,63.09,24.58,3.62,31.31,4.61,137.9,20.3,24.94,3.67,21.8,3.21,6.34,0.93,3.83,0.56,-1.61,-0.24,456.85,67.27,222.29,32.72,190.98,28.11,644.09
201908,687.82,443.5,64.33,25.09,3.64,32.86,4.77,129.46,18.78,25.71,3.73,22.02,3.19,6.3,0.91,4.43,0.64,-1.55,-0.22,473.02,68.61,216.35,31.38,183.49,26.61,656.48
201909,609.55,390.65,63.94,20.23,3.31,29.67,4.86,112.76,18.45,26.17,4.28,20.9,3.42,6.55,1.07,4.06,0.66,-1.44,-0.24,414.94,67.91,196.05,32.08,166.38,27.22,651.68
201910,592.95,377.84,63.57,17.16,2.89,28.76,4.84,107.6,18.1,33.51,5.64,19.36,3.26,7.09,1.19,3.1,0.52,-1.46,-0.24,398.1,66.98,196.32,33.03,167.56,28.19,645.35
201911,610.68,411.22,67.21,17.85,2.92,32.55,5.32,82.35,13.46,39.03,6.38,16.9,2.76,7.26,1.19,4.7,0.77,-1.19,-0.19,433.77,70.9,178.09,29.11,145.54,23.79,681.41
201912,675.86,481.66,71.14,23.6,3.49,33.22,4.91,68.65,10.14,41.64,6.15,16.47,2.43,7.08,1.04,4.76,0.7,-1.22,-0.18,510.02,75.33,167.06,24.67,133.84,19.76,720.54
202001,619.28,454.31,73.2,23.01,3.71,23.98,3.86,58.59,9.44,32.17,5.18,14.97,2.41,6.53,1.05,7.11,1.14,-1.37,-0.22,484.43,78.05,136.24,21.94,112.26,18.08,742.45
202002,435.03,279.37,64.04,14.19,3.25,23.33,5.35,60.52,13.87,33.91,7.77,16.34,3.75,6.39,1.46,2.16,0.5,-1.19,-0.27,295.72,67.79,140.49,32.2,117.16,26.85,650.01
202003,568.82,364.36,63.84,19.14,3.35,30.63,5.37,75.66,13.26,48.82,8.55,21.61,3.79,6.67,1.17,3.85,0.68,-1.92,-0.34,387.35,67.87,183.39,32.14,152.76,26.77,649.05
202004,571.22,372.5,65.07,16.86,2.94,30.77,5.38,75.13,13.12,41.79,7.3,23.24,4.06,7.37,1.29,4.79,0.84,-1.22,-0.21,394.15,68.85,178.3,31.15,147.53,25.77,660.42
202005,610.19,395.57,64.64,18.76,3.07,31.08,5.08,85.27,13.93,45.14,7.38,23.66,3.87,7.75,1.27,4.75,0.78,-1.8,-0.29,419.08,68.49,192.9,31.53,161.82,26.45,656.39
202006,648.34,402.74,61.97,20.9,3.22,31.78,4.89,120.93,18.61,36.56,5.63,23.46,3.61,7.81,1.2,5.72,0.88,-1.56,-0.24,429.36,66.07,220.54,33.94,188.76,29.05,632.55
202007,702.62,429.13,60.93,22.32,3.17,33.41,4.74,148.61,21.1,31.72,4.5,25.61,3.64,7.55,1.07,5.92,0.84,-1.66,-0.24,457.37,64.94,246.9,35.05,213.49,30.31,622.16
202008,748.71,473.76,63.15,27.34,3.64,33.15,4.42,143.78,19.16,31.48,4.2,26.66,3.55,7.54,1.0,6.51,0.87,-1.5,-0.2,507.61,67.66,242.61,32.33,209.46,27.91,645.39
202009,655.07,392.17,59.74,22.26,3.39,31.87,4.86,141.3,21.53,30.1,4.59,25.4,3.87,7.77,1.18,5.55,0.85,-1.36,-0.21,419.98,63.98,236.44,36.03,204.57,31.17,612.2
202010,631.73,372.95,58.91,19.27,3.04,28.68,4.53,135.49,21.4,40.9,6.46,22.74,3.59,8.25,1.3,4.82,0.76,-1.38,-0.22,397.04,62.71,236.06,37.28,207.38,32.75,602.2
202011,662.93,438.84,66.1,23.94,3.61,32.3,4.86,91.84,13.83,44.74,6.74,18.62,2.8,8.46,1.27,5.16,0.78,-0.98,-0.15,467.94,70.49,195.96,29.5,163.66,24.64,672.54
202012,750.1,538.02,71.62,24.49,3.26,35.27,4.7,76.73,10.21,49.16,6.54,18.78,2.5,7.76,1.03,1.0,0.13,-1.1,-0.15,563.51,75.01,187.7,24.98,152.43,20.28,718.35
202101,744.11,533.68,71.61,22.9,3.07,29.34,3.94,66.12,8.87,55.3,7.42,20.69,2.78,8.09,1.08,9.16,1.23,-1.17,-0.16,565.74,75.91,179.54,24.09,150.2,20.15,723.71
202102,545.24,345.26,63.21,14.75,2.7,29.05,5.32,63.27,11.58,59.13,10.83,22.88,4.19,7.94,1.45,3.93,0.72,-0.97,-0.18,363.94,66.63,182.27,33.37,153.22,28.05,639.77
202103,683.24,460.75,67.35,23.87,3.49,34.23,5.0,67.21,9.82,60.12,8.79,25.46,3.72,7.96,1.16,4.53,0.66,-0.88,-0.13,489.15,71.5,194.98,28.49,160.75,23.49,681.57
202104,649.71,416.23,63.93,24.35,3.74,32.38,4.97,78.19,12.01,59.4,9.12,26.68,4.1,8.15,1.25,5.66,0.87,-1.32,-0.2,446.24,68.54,204.8,31.45,172.42,26.48,652.1
202105,679.09,414.44,60.97,25.67,3.78,34.24,5.04,96.05,14.13,64.04,9.42,31.38,4.62,8.36,1.23,5.53,0.81,-0.62,-0.09,445.64,65.56,234.07,34.44,199.83,29.4,623.96
202106,712.08,446.62,62.55,22.98,3.22,35.89,5.03,114.82,16.08,47.88,6.71,31.09,4.35,8.59,1.2,6.13,0.86,-1.92,-0.27,475.73,66.63,238.27,33.37,202.38,28.34,636.83
202107,785.04,486.9,61.91,26.84,3.41,38.23,4.86,142.83,18.16,46.2,5.87,31.24,3.97,8.83,1.12,5.4,0.69,-1.45,-0.18,519.14,66.01,267.33,33.98,229.1,29.12,630.34
202108,764.86,479.4,62.57,26.66,3.48,36.54,4.77,137.81,17.99,38.78,5.06,31.34,4.09,8.98,1.17,6.67,0.87,-1.33,-0.17,512.73,66.92,253.45,33.08,216.91,28.31,638.36
202109,699.02,419.08,59.85,23.04,3.29,33.25,4.75,141.41,20.2,40.86,5.84,28.68,4.1,9.04,1.29,4.88,0.7,-1.23,-0.18,447.0,63.84,253.24,36.18,219.99,31.43,610.8
202110,665.84,397.9,59.62,19.63,2.94,33.53,5.02,120.72,18.09,55.83,8.37,25.78,3.86,9.01,1.35,4.96,0.74,-1.52,-0.23,422.49,63.3,244.87,36.69,211.34,31.67,607.17
202111,680.26,434.03,63.72,19.6,2.88,33.63,4.94,90.85,13.34,61.54,9.04,26.32,3.86,9.03,1.32,6.19,0.91,-0.92,-0.14,459.82,67.51,221.37,32.5,187.74,27.56,646.55
202112,748.49,504.92,67.38,23.48,3.13,37.27,4.97,72.11,9.62,66.72,8.9,25.46,3.4,9.1,1.22,10.32,1.38,-0.91,-0.12,538.72,71.89,210.66,28.11,173.39,23.14,685.1
202201,779.05,555.26,71.19,27.03,3.46,32.34,4.15,69.39,8.9,51.85,6.65,24.98,3.2,9.24,1.18,9.89,1.27,-0.93,-0.12,592.18,75.92,187.8,24.08,155.46,19.93,721.13
202202,581.22,367.63,63.13,17.14,2.94,31.66,5.44,72.09,12.38,54.37,9.34,26.96,4.63,9.12,1.57,3.33,0.57,-1.08,-0.19,388.1,66.64,194.2,33.36,162.54,27.92,638.74
202203,695.78,435.79,62.55,19.63,2.82,34.96,5.02,80.89,11.61,77.07,11.06,32.15,4.62,8.76,1.26,7.49,1.08,-0.95,-0.14,462.91,66.45,233.83,33.57,198.87,28.55,635.29
202204,639.24,368.71,57.58,18.02,2.82,32.66,5.1,92.25,14.41,75.65,11.81,36.68,5.73,8.15,1.27,8.2,1.28,-1.09,-0.17,394.93,61.68,245.39,38.32,212.73,33.22,590.05
202205,672.99,372.22,55.25,17.86,2.65,34.7,5.15,122.24,18.14,71.87,10.67,38.27,5.68,7.91,1.17,8.61,1.28,-0.69,-0.1,398.69,59.18,274.99,40.81,240.29,35.66,567.23
202206,739.41,419.09,56.57,21.91,2.96,32.65,4.41,148.58,20.06,61.77,8.34,39.94,5.39,8.04,1.08,8.8,1.19,-1.36,-0.18,449.8,60.72,290.98,39.28,258.33,34.87,580.6
202207,835.9,510.12,60.93,32.12,3.84,36.97,4.42,146.82,17.54,50.47,6.03,43.48,5.19,8.53,1.02,8.68,1.04,-1.3,-0.16,550.92,65.81,286.27,34.2,249.3,29.78,624.67
202208,855.15,551.11,64.4,34.82,4.07,36.33,4.24,123.73,14.46,49.89,5.83,43.56,5.09,9.03,1.06,7.34,0.86,-0.67,-0.08,593.27,69.33,262.54,30.68,226.21,26.44,657.26
202209,710.56,444.26,62.37,24.14,3.39,32.36,4.54,100.13,14.06,51.13,7.18,42.55,5.97,9.55,1.34,8.16,1.15,-1.73,-0.24,476.56,66.91,235.72,33.09,203.36,28.55,637.67
202210,688.97,408.16,59.12,19.27,2.79,36.01,5.22,100.37,14.54,68.34,9.9,38.11,5.52,10.08,1.46,10.0,1.45,-1.37,-0.2,437.43,63.36,252.91,36.64,216.9,31.42,606.15
202211,691.43,437.24,63.15,23.44,3.38,37.36,5.4,78.74,11.37,68.42,9.88,30.25,4.37,10.32,1.49,6.58,0.95,-0.91,-0.13,467.26,67.48,225.09,32.51,187.73,27.11,643.2
202212,785.57,514.76,65.46,26.48,3.37,39.73,5.05,75.61,9.61,81.83,10.4,30.34,3.86,10.27,1.31,7.42,0.94,-0.87,-0.11,548.66,69.77,237.78,30.23,198.05,25.18,664.27
202301,738.63,491.16,66.39,23.21,3.14,33.85,4.58,69.97,9.46,74.5,10.07,32.31,4.37,9.92,1.34,4.87,0.66,-1.16,-0.16,519.24,70.19,220.55,29.82,186.7,25.24,669.22
202302,665.34,421.68,63.23,19.86,2.98,32.92,4.94,67.89,10.18,73.99,11.1,36.61,5.49,9.73,1.46,4.23,0.64,-1.6,-0.24,445.77,66.85,221.14,33.17,188.22,28.23,638.91
202303,746.57,479.02,64.05,22.72,3.04,36.56,4.89,69.06,9.23,80.21,10.72,44.58,5.96,9.71,1.3,6.04,0.81,-1.32,-0.18,507.78,67.9,240.12,32.1,203.56,27.21,647.9
202304,691.33,415.28,59.95,20.76,3.0,34.53,4.99,68.99,9.96,91.45,13.2,45.71,6.6,9.84,1.42,6.12,0.88,-1.35,-0.2,442.16,63.83,250.52,36.17,215.99,31.18,609.81
202305,726.04,433.51,59.59,23.49,3.23,36.9,5.07,82.96,11.4,82.27,11.31,51.13,7.03,9.89,1.36,7.34,1.01,-1.46,-0.2,464.34,63.83,263.15,36.17,226.25,31.1,608.44
202306,777.47,481.55,61.83,26.37,3.38,37.14,4.77,99.49,12.77,60.38,7.75,55.96,7.18,9.87,1.27,8.14,1.04,-1.42,-0.18,516.06,66.25,262.84,33.74,225.7,28.97,630.71
202307,886.57,554.99,62.5,34.51,3.89,38.03,4.28,122.21,13.76,65.43,7.37,57.81,6.51,9.78,1.1,5.26,0.59,-1.47,-0.16,594.76,66.98,293.26,33.02,255.23,28.74,635.84
202308,883.89,537.13,60.64,31.58,3.57,38.33,4.33,147.67,16.67,47.52,5.36,59.25,6.69,9.77,1.1,14.46,1.63,-1.82,-0.21,583.17,65.84,302.54,34.15,264.21,29.82,624.25
202309,782.24,459.16,58.58,24.26,3.1,34.54,4.41,140.43,17.92,54.75,6.98,53.54,6.83,9.85,1.26,7.33,0.94,-1.61,-0.21,490.75,62.62,293.11,37.4,258.57,32.99,598.13
202310,744.65,430.8,57.72,20.35,2.73,35.94,4.82,123.29,16.52,65.05,8.72,53.51,7.17,10.01,1.34,7.46,1.0,-1.77,-0.24,458.61,61.45,287.8,38.57,251.86,33.75,588.81
202311,774.4,468.36,60.4,23.85,3.08,36.45,4.7,83.86,10.82,95.0,12.25,49.77,6.42,10.14,1.31,7.98,1.03,-1.0,-0.13,500.19,64.51,275.22,35.5,238.77,30.8,615.25
202312,868.08,567.59,65.3,25.7,2.96,38.05,4.38,78.41,9.02,95.32,10.97,43.97,5.06,10.23,1.18,9.93,1.14,-1.11,-0.13,603.22,69.4,265.98,30.61,227.93,26.23,661.18
202401,792.17,515.44,65.0,25.51,3.22,35.13,4.43,71.01,8.95,83.01,10.47,45.33,5.72,10.28,1.3,7.33,0.92,-0.88,-0.11,548.28,69.14,244.76,30.87,209.63,26.44,657.35
202402,762.66,484.87,63.46,24.26,3.18,34.1,4.46,68.81,9.01,83.78,10.97,51.64,6.76,10.31,1.35,6.25,0.82,-1.36,-0.18,515.38,67.46,248.64,32.55,214.54,28.09,642.34
202403,790.53,480.2,60.63,23.92,3.02,34.81,4.39,71.35,9.01,98.25,12.4,65.78,8.3,10.29,1.3,7.45,0.94,-1.54,-0.2,511.57,64.59,280.48,35.4,245.67,31.01,615.96
202404,736.1,418.82,56.79,23.22,3.15,36.58,4.96,84.09,11.4,88.12,11.95,68.97,9.35,10.24,1.39,7.44,1.01,-1.38,-0.19,449.48,60.95,288.0,39.05,251.42,34.09,581.34
202405,773.14,417.17,53.89,20.18,2.61,36.02,4.65,115.65,14.94,84.75,10.95,81.65,10.55,10.18,1.32,8.46,1.09,-0.92,-0.12,445.81,57.59,328.25,42.41,292.23,37.76,552.57
202406,821.77,446.87,54.29,23.5,2.86,35.68,4.34,144.9,17.6,73.67,8.95,80.33,9.76,10.1,1.23,8.09,0.98,-1.38,-0.17,478.46,58.13,344.68,41.88,309.0,37.54,556.54
202407,938.75,523.11,55.62,35.74,3.8,39.7,4.22,167.79,17.84,72.74,7.73,83.1,8.84,10.0,1.06,8.34,0.89,-1.78,-0.19,567.19,60.31,373.33,39.69,333.63,35.47,572.22
202408,964.54,560.73,58.02,37.62,3.89,40.26,4.17,164.48,17.02,55.65,5.76,89.14,9.22,10.05,1.04,8.56,0.89,-1.95,-0.2,606.91,62.8,359.58,37.21,319.32,33.04,595.42
202409,851.03,501.03,58.74,28.66,3.36,35.6,4.17,120.46,14.12,76.13,8.93,73.71,8.64,10.23,1.2,7.07,0.83,-1.87,-0.22,536.76,62.93,316.13,37.06,280.53,32.89,599.34
202410,779.17,437.91,56.08,22.45,2.88,37.11,4.75,105.41,13.5,88.31,11.31,71.23,9.12,10.56,1.35,7.9,1.01,-1.71,-0.22,468.26,59.97,312.62,40.03,275.51,35.28,573.43
202411,792.1,474.48,59.79,24.99,3.15,38.02,4.79,82.56,10.4,91.35,11.51,62.94,7.93,10.84,1.37,8.42,1.06,-1.52,-0.19,507.89,64.0,285.71,36.0,247.69,31.21,609.54
202412,891.89,552.82,61.89,29.44,3.3,43.27,4.84,83.11,9.3,101.27,11.34,65.21,7.3,11.08,1.24,7.04,0.79,-1.35,-0.15,589.3,65.98,303.94,34.02,260.67,29.18,627.7
202501,833.01,513.86,61.58,27.74,3.32,37.34,4.47,73.84,8.85,93.79,11.24,69.12,8.28,11.28,1.35,7.46,0.89,-1.42,-0.17,549.06,65.79,285.37,34.19,248.03,29.72,624.81
202502,740.91,421.39,56.75,22.84,3.08,37.21,5.01,72.24,9.73,97.16,13.08,76.07,10.24,11.4,1.54,4.27,0.57,-1.66,-0.22,448.5,60.4,294.08,39.6,256.87,34.59,576.79
202503,830.71,465.76,55.98,26.12,3.14,42.8,5.14,77.81,9.35,112.66,13.54,87.61,10.53,11.43,1.37,7.88,0.95,-1.35,-0.16,499.76,60.07,332.31,39.93,289.51,34.79,572.03
202504,773.02,407.7,52.63,23.38,3.02,41.11,5.31,78.54,10.14,105.13,13.57,100.04,12.91,11.39,1.47,7.44,0.96,-1.7,-0.22,438.52,56.61,336.21,43.4,295.1,38.09,540.91
202505,806.49,418.95,51.84,24.18,2.99,38.43,4.76,99.11,12.26,99.14,12.27,108.6,13.44,11.29,1.4,8.49,1.05,-1.7,-0.21,451.62,55.88,356.57,44.13,318.14,39.37,534.24
202506,870.18,451.18,51.76,24.78,2.84,39.37,4.52,139.04,15.95,80.13,9.19,117.66,13.5,11.13,1.28,8.37,0.96,-1.49,-0.17,484.33,55.56,387.33,44.44,347.96,39.92,532.37
202507,1009.51,549.41,54.31,35.84,3.54,42.96,4.25,151.45,14.97,81.24,8.03,130.67,12.92,10.92,1.08,9.11,0.9,-2.1,-0.21,594.36,58.75,417.24,41.25,374.28,37.0,558.63
202508,1010.8,570.3,56.32,38.87,3.84,42.69,4.22,148.05,14.62,70.29,6.94,122.56,12.1,10.93,1.08,8.95,0.88,-1.83,-0.18,618.12,61.04,394.52,38.96,351.83,34.74,578.59
202509,890.18,470.75,52.76,29.2,3.27,36.17,4.05,158.79,17.8,74.17,8.31,103.98,11.65,11.17,1.25,7.94,0.89,-1.98,-0.22,507.89,56.92,384.28,43.06,348.11,39.01,542.92
202510,854.44,466.63,54.5,28.13,3.28,38.67,4.52,135.05,15.77,81.81,9.56,85.36,9.97,11.62,1.36,8.97,1.05,-1.8,-0.21,503.73,58.83,352.51,41.18,313.84,36.66,559.88
202511,836.72,452.64,53.99,24.68,2.94,39.81,4.75,96.62,11.52,117.02,13.96,86.4,10.31,11.94,1.42,9.22,1.1,-1.61,-0.19,486.54,58.03,351.79,41.96,311.98,37.21,553.67
202512,913.15,533.38,58.32,29.74,3.25,44.61,4.88,86.47,9.45,115.38,12.62,85.18,9.31,12.13,1.33,7.72,0.84,-1.46,-0.16,570.84,62.41,343.77,37.59,299.16,32.71,593.53
202601,849.24,497.81,58.5,27.8,3.27,38.62,4.54,77.9,9.15,106.2,12.48,82.66,9.71,12.18,1.43,7.75,0.91,-1.67,-0.2,533.36,62.68,317.56,37.31,278.94,32.77,595.27
202602,810.26,464.0,57.14,25.91,3.19,36.53,4.5,77.81,9.58,100.56,12.38,88.44,10.89,12.1,1.49,6.68,0.82,-1.76,-0.22,496.59,61.15,315.44,38.84,278.91,34.34,582.01
202603,859.24,487.91,56.67,24.87,2.89,37.75,4.38,86.16,10.01,97.94,11.38,104.8,12.17,11.91,1.38,9.62,1.12,-1.7,-0.2,522.4,60.68,338.56,39.32,300.81,34.94,578.46
202604,808.39,421.75,52.05,22.53,2.78,37.53,4.63,88.06,10.87,106.18,13.1,113.26,13.98,11.59,1.43,9.41,1.16,-1.92,-0.24,453.69,55.99,356.62,44.01,319.09,39.38,535.33
202605,857.87,431.09,50.14,22.16,2.58,40.35,4.69,111.92,13.02,106.56,12.4,126.81,14.75,11.38,1.32,9.46,1.1,-1.86,-0.22,462.71,53.82,397.02,46.18,356.67,41.49,516.21
202606,905.8,454.88,50.08,24.5,2.7,42.72,4.7,145.62,16.03,80.96,8.91,139.53,15.36,11.27,1.24,8.84,0.97,-2.52,-0.28,488.22,53.75,420.1,46.24,377.38,41.54,515.64
202607,1023.67,530.02,51.67,35.12,3.42,45.8,4.46,161.5,15.74,90.66,8.84,141.85,13.83,11.02,1.08,9.74,0.95,-2.04,-0.2,574.88,56.04,450.83,43.95,405.03,39.49,533.0
202608,1020.1,545.64,53.39,37.77,3.7,46.7,4.57,152.1,14.88,81.0,7.92,138.33,13.54,11.03,1.08,9.41,0.92,-1.89,-0.18,592.82,58.01,429.16,41.99,382.46,37.42,550.1
